场景,日氨产量(t/day),问题二日净成本(¥/day),问题二净吨氨成本(¥/t),问题二购电量(MWh),问题二售电量(MWh),问题二新能源自发自用比例(%),问题二新能源供电占比(%),问题二上网电量比例(%),问题二达标指标数,问题二达标状态,问题三日净成本(¥/day),问题三净吨氨成本(¥/t),问题三购电量(MWh),问题三售电量(MWh),问题三新能源自发自用比例(%),问题三新能源供电占比(%),问题三上网电量比例(%),问题三达标指标数,问题三达标状态,日成本节约(¥/day),相对成本节约率(%),吨氨成本下降(¥/t),购电量变化(MWh),售电量变化(MWh),新能源自发自用比例(%)变化,新能源供电占比(%)变化,上网电量比例(%)变化,达标指标数变化
风电1-光伏1,72,390965.9916328767,5430.083217123287,430.28,135.324,64.47088599618777,59.28155045802104,17.764557001906105,3,全部达标,390965.9916328767,5430.083217123287,430.28,135.324,64.4708859961878,59.28155045802102,17.764557001906105,3,全部达标,0.0,0.0,0.0,0.0,0.0,2.842170943040401e-14,-1.4210854715202004e-14,0.0,0
风电1-光伏1,63,284907.4035328767,4522.33973861709,326.62620000000004,156.1702,58.99774733381993,64.96254103108706,20.50112633309004,1,部分达标,279434.1784088351,4435.463149346589,302.60170328002334,135.324,64.47088599618782,67.42862002731688,17.764557001906105,3,全部达标,5473.225124041608,1.9210540183137181,86.87658927050143,-24.024496719976696,-20.846199999999982,5.473138662367887,2.4660789962298253,-2.736569331183933,2
风电1-光伏1,54,201838.2105328767,3737.744639497717,235.0722,189.1162,50.34782426053213,70.89682068043382,24.826087869733936,1,部分达标,200775.98453738232,3718.0737877293022,233.21019971830356,192.21821070731468,49.53339598423797,70.94880599948894,25.233302007881008,1,部分达标,1062.225995494373,0.5262759676128573,19.67085176841465,-1.862000281696453,3.1020107073146903,-0.8144282762941586,0.05198531905512027,0.4072141381470722,0
风电1-光伏1,45,139353.3315328767,3096.7407007305933,233.2102,311.7542,18.149400601761187,65.86601680278679,40.92529969911941,1,部分达标,137622.14882309636,3058.269973846586,233.21019971831177,325.28963927875145,14.595691243284941,65.17611223331178,42.702154378357534,1,部分达标,1731.182709780347,1.2422973248916698,38.47072688400749,-2.81688215864051e-07,13.535439278751426,-3.5537093584762456,-0.6899045694750043,1.7768546792381272,0
风电1-光伏1,36,77295.78153287669,2147.105042579908,233.2102,436.2542,-14.53788837487726,58.25991552119126,57.26894418743864,1,部分达标,76016.78154287656,2111.5772650799045,233.21019950133007,446.25419956155594,-17.163373318128965,57.49923466851462,58.58168665906449,1,部分达标,1278.9999900001276,1.6546827842812128,35.527777500003594,-4.986699195796973e-07,9.99999956155591,-2.6254849432517045,-0.7606808526766429,1.312742471625846,0
风电1-光伏2,72,489792.2685328768,6802.670396289955,560.9662000000001,7.450200000000002,97.03889476236272,46.91439548792491,1.4805526188186109,3,全部达标,489792.26853287674,6802.670396289955,560.9662000000001,7.450200000000002,97.03889476236277,46.9143954879249,1.4805526188186109,3,全部达标,5.820766091346741e-11,1.1884152660845906e-14,0.0,0.0,0.0,5.684341886080802e-14,-7.105427357601002e-15,0.0,0
风电1-光伏2,63,380201.8404328767,6034.949848140899,448.9924,19.9764,92.0603174855526,51.83621891828109,3.9698412572237114,3,全部达标,373427.01320077636,5927.412907948831,433.8277941744491,7.4502000000000095,97.03889476236277,53.33085369878406,1.4805526188186122,3,全部达标,6774.827232100361,1.78190279783678,107.53694019206796,-15.164605825550893,-12.526199999999992,4.978577276810171,1.4946347805029703,-2.489288638405099,0
风电1-光伏2,54,293754.4074328768,5439.896433942162,342.7184,38.2024,84.81633691306108,57.56965284999753,7.591831543469447,3,全部达标,279092.81388333207,5168.385442283928,301.35933184856333,7.450200000000017,97.03889476236277,62.19365610629334,1.4805526188186136,3,全部达标,14661.593549544748,4.991105896137044,271.51099165823416,-41.359068151436645,-30.75219999999998,12.222557849301694,4.624003256295808,-6.111278924650834,0
风电1-光伏2,45,219799.55253287675,4884.434500730594,298.3182,118.3022,52.98042145928888,56.33643628699394,23.50978927035556,1,部分达标,204090.87716978788,4535.352825995286,247.290199625777,78.5739523730299,68.77053744682874,63.19649532264249,15.61473127658562,3,全部达标,15708.67536308887,7.146818627275972,349.0816747353074,-51.028000374222984,-39.7282476269701,15.790115987539863,6.860059035648554,-7.895057993769942,2
风电1-光伏2,36,148269.94053287667,4118.609459246574,262.5022,206.98620000000005,17.732688929340775,53.017217926689575,41.13365553532961,1,部分达标,142199.56554287675,3949.9879317465766,247.29019950132096,201.774199561548,19.804214767152878,54.93326295224098,40.09789261642355,1,部分达标,6070.374989999924,4.094137333692332,168.62152749999768,-15.21200049867906,-5.2120004384520655,2.0715258378121035,1.916045025551405,-1.0357629189060589,0
风电1-光伏3,72,587763.4826328767,8163.381703234399,719.2760000000001,0.0,99.99999999999991,31.933151639034,0.0,3,全部达标,587763.4826328767,8163.381703234399,719.2760000000001,0.0,100.0,31.933151639033987,0.0,3,全部达标,0.0,0.0,0.0,0.0,0.0,8.526512829121202e-14,-1.4210854715202004e-14,0.0,0
风电1-光伏3,63,477358.0145328767,7577.111341791694,605.3822,10.6062,93.7138014011214,35.06015747355774,3.143099299439315,3,全部达标,468120.8255316968,7430.489294153917,586.2045714285714,0.0,100.0,36.53380846766086,0.0,3,全部达标,9237.18900117994,1.9350652382403344,146.62204763777663,-19.177628571428613,-10.6062,6.286198598878599,1.4736509941031244,-3.143099299439315,0
风电1-光伏3,54,381730.0706328767,7069.075382090309,526.3,56.024,66.79508303600008,34.841281632248794,16.602458481999978,3,全部达标,359172.2895757469,6651.338695847166,462.46116480618514,4.440892098500626e-15,100.00000000000004,42.18550083768514,1.3160382459017279e-15,3,全部达标,22557.78105712979,5.909353963058468,417.7366862431436,-63.838835193814816,-56.023999999999994,33.20491696399996,7.344219205436346,-16.602458481999978,0
风电1-光伏3,45,292467.5906328768,6499.279791841705,426.558,80.78200000000001,52.12124085774232,37.56652322824272,23.93937957112885,1,部分达标,265478.56097353605,5899.52357718969,329.3897362637362,3.552713678800501e-15,100.00000000000003,50.60391843560523,1.0528305967213823e-15,3,全部达标,26989.02965934074,9.228041165497554,599.7562146520158,-97.16826373626378,-80.78200000000001,47.87875914225771,13.037395207362508,-23.93937957112885,2
风电1-光伏3,36,208856.8154328767,5801.578206468797,345.8904,124.6144,26.142174701580128,38.092353951890026,36.92891264920994,1,部分达标,184949.06954623657,5137.474154062127,247.2901993337777,36.014199414239314,78.65471046203855,54.93326298111255,10.672644768980726,3,全部达标,23907.74588664013,11.446955100358553,664.1040524066702,-98.60020066622229,-88.60020058576069,52.51253576045842,16.840909029222523,-26.256267880229217,2
风电1-光伏4,72,627256.2186328768,8711.89192545662,783.9159999999999,0.0,99.99999999999996,25.81611022787494,0.0,2,部分达标,627256.2186328768,8711.89192545662,783.9159999999999,0.0,100.00000000000004,25.816110227874933,0.0,2,部分达标,0.0,0.0,0.0,0.0,0.0,8.526512829121202e-14,-7.105427357601002e-15,0.0,0
风电1-光伏4,63,516307.3905328767,8195.355405283757,668.7422,9.3262,93.16271022419028,28.263478578018063,3.4186448879048696,2,部分达标,507613.5615364216,8057.358119625739,650.8445715125722,0.0,100.0,29.535475765772535,0.0,2,部分达标,8693.828996455122,1.683847482307447,137.99728565801797,-17.897628487427824,-9.3262,6.837289775809722,1.2719971877544722,-3.4186448879048696,0
风电1-光伏4,54,410355.60663287673,7599.177900608828,565.34,30.424,77.69534171053212,30.00792353785965,11.15232914473395,3,全部达标,394678.6186679852,7308.863308666392,529.9159999669471,3.552713678800501e-15,100.0,33.98495116743484,1.3022953031482314e-15,3,全部达标,15676.987964891538,3.8203420914672437,290.314591942436,-35.42400003305295,-30.423999999999996,22.30465828946788,3.9770276295751934,-11.152329144733947,0
风电1-光伏4,45,316717.2465328767,7038.161034063926,472.8282,62.4122,54.24392604214015,30.79415122508123,22.87803697892993,1,部分达标,298756.0501474039,6639.023336608976,398.94289558037315,3.552713678800501e-15,100.0,40.61112925044542,1.3022953031482314e-15,3,全部达标,17961.19638547278,5.671050939629941,399.1376974549503,-73.88530441962683,-62.4122,45.75607395785985,9.816978025364193,-22.87803697892993,2
风电1-光伏4,36,229052.59143287668,6362.571984246574,361.2504,75.33439999999999,44.7703112857583,35.34321305841924,27.61484435712086,1,部分达标,208652.23764938253,5795.895490260626,275.91600000000005,3.552713678800501e-15,100.0,49.7164309666132,1.3022953031482314e-15,3,全部达标,20400.353783494153,8.906406016136442,566.6764939859486,-85.33439999999996,-75.33439999999999,55.2296887142417,14.373217908193965,-27.61484435712086,2
风电2-光伏1,72,420187.3116328767,5835.934883789954,487.428,89.61199999999998,72.79967946772214,53.87349534408359,13.60016026613892,3,全部达标,420187.3116328767,5835.934883789954,487.42799999999994,89.612,72.79967946772217,53.87349534408358,13.600160266138921,3,全部达标,0.0,0.0,0.0,-5.684341886080802e-14,1.4210854715202004e-14,2.842170943040401e-14,-7.105427357601002e-15,1.7763568394002505e-15,0
风电2-光伏1,63,312845.03553287673,4965.794214807567,380.7502,107.43419999999998,67.39002950353924,59.15661539121667,16.30498524823039,3,全部达标,308259.4491385353,4893.0071291831,360.77759338574776,90.07999999999998,72.65762539004164,61.1900844455589,13.671187304979176,3,全部达标,4585.58639434143,1.4657692702493061,72.78708562446718,-19.972606614252243,-17.35419999999999,5.267595886502406,2.033469054342234,-2.6337979432512153,0
风电2-光伏1,54,228721.5654328767,4235.584545053272,284.6024,135.7864,58.784162791544745,64.7647204476799,20.607918604227624,1,部分达标,223190.85352892935,4133.163954239432,263.2563996159118,119.3802347807471,63.763997553286345,67.20691278290785,18.118001223356835,3,全部达标,5530.711903947347,2.4180981331952514,102.42059081384014,-21.3460003840882,-16.406165219252884,4.9798347617416,2.4421923352279435,-2.4899173808707893,2
风电2-光伏1,45,161765.1084328767,3594.78018739726,263.2564,238.9404,27.473380037152616,61.468282544422,36.263309981423696,1,部分达标,160037.01781100847,3556.3781735779658,263.2563997183109,252.45166345457477,23.372247412498687,60.69091151669872,38.313876293750646,1,部分达标,1728.0906218682358,1.0682715442219697,38.4020138192941,-2.8168909693704336e-07,13.51126345457476,-4.101132624653928,-0.7773710277232837,2.05056631232695,0
风电2-光伏1,36,99707.55843287669,2769.6544009132413,263.2564,363.4404,-10.31664703811176,52.88223081328752,55.15832351905589,1,部分达标,98428.5584428767,2734.1266234132418,263.2563995013251,373.44039956155154,-13.351990445209475,52.02354579198505,56.67599522260475,1,部分达标,1278.999989999982,1.2827512879688125,35.5277774999995,-4.986748649571382e-07,9.999999561551533,-3.0353434070977148,-0.8586850213024704,1.5176717035488565,0
风电2-光伏2,72,530334.7026328767,7365.759758789954,656.376,0.0,99.99999999999994,37.88553259141496,0.0,3,全部达标,530334.7026328767,7365.7597587899545,656.376,0.0,100.0,37.88553259141495,0.0,3,全部达标,0.0,0.0,-9.094947017729282e-13,0.0,0.0,5.684341886080802e-14,-7.105427357601002e-15,0.0,0
风电2-光伏2,63,419460.5865328768,6658.104548140901,541.3782,9.5022,95.2529824351058,41.92591877453821,2.3735087824470957,3,全部达标,413100.4313739195,6557.1497043479285,527.6644299180541,7.105427357601002e-15,99.99999999999994,43.140125358058626,1.7748304851829929e-15,3,全部达标,6360.15515895735,1.5162700294509908,100.9548437929725,-13.713770081945881,-9.502199999999993,4.747017564894136,1.214206583520415,-2.373508782447094,0
风电2-光伏2,54,330674.0436328767,6123.593400608828,424.912,17.536,91.23953400075932,47.393651265289954,4.3802329996203255,3,全部达标,316699.1677139102,5864.799402109448,397.7970219534609,0.4680000000000075,99.7662010670823,50.130315178608384,0.11689946645884726,3,全部达标,13974.875918966485,4.2261786759658015,258.79399849938,-27.11497804653908,-17.067999999999994,8.526667066322986,2.7366639133184307,-4.263333533161478,0
风电2-光伏2,45,248728.39953287668,5527.297767397259,351.27419999999995,68.3982,65.8302859540795,48.58549222797928,17.084857022960254,3,全部达标,227161.36411522882,5048.030313671751,278.2719391783776,3.2242000000000077,98.38928521471531,58.798439033782266,0.8053573926423294,3,全部达标,21567.035417647858,8.670917940272096,479.26745372550795,-73.00226082162237,-65.17399999999999,32.558999260635815,10.212946805802986,-16.279499630317925,0
风电2-光伏2,36,172647.3405328767,4795.759459246575,298.45219999999995,140.0762,30.02208101033113,46.58286798396336,34.98895949483444,1,部分达标,164611.34244375658,4572.537290104349,277.33639945744744,128.96039952297315,35.57520556173034,49.45757408321809,32.21239721913483,1,部分达标,8035.998089120112,4.6545739217974464,223.22216914222554,-21.115800542552506,-11.115800477026852,5.553124551399211,2.8747060992547304,-2.776562275699611,0
风电2-光伏3,72,631468.5266328767,8770.396203234399,822.136,0.0,99.99999999999991,22.199258081611028,0.0,2,部分达标,631468.5266328767,8770.396203234399,822.136,0.0,100.00000000000003,22.199258081611024,0.0,2,部分达标,0.0,0.0,0.0,0.0,0.0,1.1368683772161603e-13,-3.552713678800501e-15,0.0,0
风电2-光伏3,63,519779.3705328768,8250.466198934551,705.2182,7.5822,93.53562050267703,24.350668297183063,3.2321897486614604,2,部分达标,511825.8695376101,8124.220151390637,689.0645715147236,0.0,100.00000000000003,25.39753833162947,0.0,2,部分达标,7953.500995266717,1.530168653502505,126.24604754391476,-16.153628485276386,-7.5822,6.464379497322994,1.0468700344464068,-3.2321897486614604,0
风电2-光伏3,54,420066.9725328768,7779.018009868089,616.5142000000001,43.3782,63.01691504961974,23.67228742633586,18.491542475190123,2,部分达标,399242.8237736044,7393.3856254371185,568.4597417240375,0.46800000000000574,99.60099580534047,29.170580149493215,0.19950209732974364,2,部分达标,20824.148759272415,4.957340167380715,385.6323844309709,-48.05445827596259,-42.910199999999996,36.584080755720734,5.4982927231573555,-18.292040377860378,0
风电2-光伏3,45,327868.1414328767,7285.9586985083715,526.4464,77.8104,33.66094874330731,22.946283773894205,33.16952562834635,0,全部不达标,305549.09519280633,6789.979893173474,435.38831316142966,0.46800000000000574,99.60099580534047,34.96855739352801,0.19950209732974364,3,全部达标,22319.04624007037,6.807323865786354,495.9788053348975,-91.05808683857038,-77.3424,65.94004706203316,12.022273619633804,-32.97002353101661,3
风电2-光伏3,36,239544.7754328767,6654.02153980213,411.9984,87.86240000000001,25.090884288783567,26.260309278350512,37.45455785560823,0,全部不达标,216246.78165090916,6006.855045858588,314.60399999018273,0.4680000000000075,99.60099580534053,42.66584050229418,0.19950209732974436,3,全部达标,23297.993781967525,9.725945280946402,647.1664939435423,-97.39440000981728,-87.3944,74.51011151655696,16.40553122394367,-37.25505575827849,3
风电2-光伏4,72,670961.2626328768,9318.906425456622,886.7760000000001,0.0,99.99999999999984,16.082216670451967,0.0,2,部分达标,670961.2626328768,9318.906425456622,886.776,0.0,100.00000000000004,16.082216670451967,0.0,2,部分达标,0.0,0.0,0.0,-1.1368683772161603e-13,0.0,1.9895196601282805e-13,0.0,0.0,0
风电2-光伏4,63,557477.9997328768,8848.857138617092,765.6318,3.3558,96.05069905380594,17.870052133616532,1.97465047309702,2,部分达标,551318.6055423347,8751.088976862457,753.7045715232767,0.0,99.9999999999999,18.399205632909627,0.0,2,部分达标,6159.394190542051,1.1048676707409815,97.768161754635,-11.927228476723258,-3.3558,3.949300946193958,0.5291534992930949,-1.97465047309702,0
风电2-光伏4,54,447605.7885328768,8288.996083942162,652.9942,15.2182,82.09033563997554,19.15587084633289,8.954832180012238,2,部分达标,438383.6626738986,8118.2159754425675,632.7759999613803,0.0,100.00000000000004,21.171018537992847,0.0,2,部分达标,9222.125858978194,2.0603231895650125,170.78010849959446,-20.21820003861967,-15.2182,17.909664360024507,2.0151476916599584,-8.954832180012238,0
风电2-光伏4,45,349973.3574328767,7777.185720730594,550.1264,36.8504,56.63230240549828,19.480343081291533,21.683848797250857,0,全部不达标,339766.93478601484,7550.376328578108,506.6960087912088,1.6838000000000002,98.01840606317369,24.929054330997307,0.9907969684131244,2,部分达标,10206.422646861873,2.916342752982109,226.809392152486,-43.43039120879121,-35.1666,41.386103657675406,5.448711249705774,-20.69305182883773,2
风电2-光伏4,36,259793.38233287676,7216.48284257991,427.5886,38.8126,54.32307112931321,23.46996706758305,22.838464435343404,0,全部不达标,248465.37773287672,6901.816048135464,382.13179999999994,3.3558,96.05069905380591,30.359418282548482,1.9746504730970198,3,全部达标,11328.004600000044,4.360389975401806,314.66679444444526,-45.456800000000044,-35.4568,41.7276279244927,6.889451214965433,-20.863813962246383,3
风电3-光伏1,72,380328.0331328768,5282.333793512177,402.2482,126.3682,67.6327544695456,61.93426830191536,16.18362276522719,3,全部达标,380328.03313287674,5282.333793512177,402.2482,126.3682,67.63275446954563,61.93426830191535,16.18362276522719,3,全部达标,5.820766091346741e-11,1.5304593888069026e-14,0.0,0.0,0.0,2.842170943040401e-14,-7.105427357601002e-15,0.0,0
风电3-光伏1,63,279660.5950328767,4439.057064013916,311.2944,159.9144,59.04041801137237,66.60719572633069,20.479790994313817,1,部分达标,270387.836385666,4291.870418820095,273.4381945054946,126.6302,67.56564725167767,70.52349639894844,16.217176374161163,3,全部达标,9272.758647210721,3.315718700419922,147.18664519382037,-37.85620549450539,-33.2842,8.525229240305308,3.9163006726177514,-4.262614620152654,2
风电3-光伏1,54,198908.4340328767,3683.4895191273463,229.8364,202.9564,48.01588033399927,71.54504036052096,25.992059833000365,1,部分达标,196297.0101483712,3635.1298175624293,223.32619971831215,205.18218872930103,47.445779230238955,72.04872730283162,26.27711038488052,1,部分达标,2611.4238845055224,1.3128774037172761,48.35970156491703,-6.510200281687844,2.22578872930103,-0.5701011037603152,0.5036869423106651,0.28505055188015405,0
风电3-光伏1,45,135356.79313287674,3007.92873628615,223.3262,320.9462,17.79463142257057,67.31269576417552,41.10268428871472,1,部分达标,133150.51814287587,2958.900403175019,223.32619940328928,338.19619949073297,13.376312819339939,66.46602708341027,43.31184359033003,1,部分达标,2206.2749900008785,1.6299699031987462,49.028333111130905,-5.967107199467137e-07,17.24999949073299,-4.418318603230633,-0.8466686807652479,2.2091593016153084,0
风电3-光伏1,36,73299.2431328767,2036.090087024353,223.3262,445.4462,-14.09410378566672,60.02895904925541,57.047051892833366,1,部分达标,72020.24314287674,2000.562309524354,223.3261995013259,455.4461995615522,-16.655447866797854,59.30051765457104,58.327723933398936,1,部分达标,1278.999989999953,1.7449020417323884,35.52777749999882,-4.986740975709836e-07,9.999999561552215,-2.561344081131134,-0.7284413946843742,1.2806720405655696,0
风电3-光伏2,72,479823.9130328768,6664.22101434551,538.1664,3.726400000000005,98.5730259630849,49.07199636611402,0.7134870184575334,3,全部达标,479823.91303287674,6664.22101434551,538.1664000000001,3.7264000000000053,98.57302596308493,49.07199636611401,0.7134870184575334,3,全部达标,5.820766091346741e-11,1.2131046271859966e-14,0.0,1.1368683772161603e-13,4.440892098500626e-16,2.842170943040401e-14,-1.4210854715202004e-14,0.0,0
风电3-光伏2,63,375624.6349328768,5962.295792585345,438.8926,28.95260000000001,88.9129968599219,52.91963270472635,5.543501570039062,3,全部达标,364867.9529394703,5791.554808563021,410.20126263736284,3.726399999999998,98.57302596308493,55.833204310497585,0.713487018457532,3,全部达标,10756.681993406499,2.863678521864971,170.74098402232448,-28.69133736263717,-25.226200000000013,9.660029103163026,2.9135716057712386,-4.83001455158153,0
风电3-光伏2,54,290067.1111328767,5371.613169127347,336.4962,51.05620000000001,80.4487248219346,58.3399940573466,9.775637589032703,3,全部达标,271423.8158835267,5026.36696080605,277.8281874948234,3.726400000000009,98.57302596308493,65.11369397725845,0.713487018457534,3,全部达标,18643.29524935002,6.42723512380889,345.24620832129676,-58.66801250517659,-47.329800000000006,18.124301141150326,6.773699919911849,-9.062150570575168,0
风电3-光伏2,45,212279.70103287676,4717.326689619483,278.0304,117.09040000000002,55.16182890403615,59.30587512075172,22.41908554798193,1,部分达标,199703.29506027183,4437.851001339374,237.406199646199,90.82336997586924,65.22042966383196,64.50599598078843,17.389785168084025,3,全部达标,12576.40597260493,5.924450576957033,279.47568828010844,-40.62420035380097,-26.267030024130776,10.058600759795816,5.200120860036705,-5.029300379897904,2
风电3-光伏2,36,141740.4160328767,3937.2337786910193,245.1004,208.6604,20.096346787163988,56.1318012600229,39.95182660641802,1,部分达标,138203.02714287673,3838.9729761910203,237.40619950132367,210.96619956155033,19.213372305449056,56.73454593829622,40.39331384727547,1,部分达标,3537.388889999973,2.4956811818440516,98.26080249999904,-7.694200498676338,2.305799561550316,-0.8829744817149319,0.602744678273325,0.4414872408574553,0
风电3-光伏3,72,579375.8802328767,8046.887225456621,700.1999999999999,0.0,99.99999999999996,33.73836020894846,0.0,3,全部达标,579375.8802328767,8046.887225456621,700.1999999999999,0.0,100.00000000000003,33.73836020894845,0.0,3,全部达标,0.0,0.0,0.0,0.0,0.0,7.105427357601002e-14,-7.105427357601002e-15,0.0,0
风电3-光伏3,63,474361.5621328768,7529.548605283759,599.0062,23.306200000000004,86.92572646695837,35.744116195747786,6.537136766520812,3,全部达标,459733.22313057166,7297.352748104312,567.1285714491353,0.0,99.99999999999996,38.599096130322266,0.0,3,全部达标,14628.339002305118,3.0837951828414525,232.19585717944665,-31.877628550864756,-23.306200000000004,13.074273533041591,2.85497993457448,-6.537136766520812,0
风电3-光伏3,54,379735.4382328767,7032.137745053273,522.284,71.084,60.12341523617187,35.338483632942115,19.938292381914057,3,全部达标,352008.1517823272,6518.669477450504,441.67521978021955,3.552713678800501e-15,99.99999999999999,44.66576486115347,9.964977220914676e-16,3,全部达标,27727.286450549494,7.301737909840653,513.4682676027687,-80.60878021978044,-71.084,39.87658476382811,9.327281228211355,-19.938292381914057,0
风电3-光伏3,45,291614.8242328768,6480.3294273972615,427.13,100.43,43.66094468753505,37.48280202570183,28.169527656232468,1,部分达标,258616.8582328767,5747.041294063926,309.45,7.105427357601002e-15,100.0,53.533942970404084,1.9929954441829352e-15,3,全部达标,32997.96600000013,11.315599639628992,733.2881333333353,-117.68,-100.43,56.33905531246495,16.051140944702254,-28.169527656232464,2
风电3-光伏3,36,206992.2861328767,5749.785725913242,345.2962,143.0962,19.726130371367667,38.19870418098511,40.13693481431616,1,部分达标,180952.53114555078,5026.4591984875215,237.4061993679769,45.20619944430818,74.64030099612462,56.73454596132783,12.679849501937667,3,全部达标,26039.754987325927,12.580060578011084,723.3265274257201,-107.89000063202309,-97.89000055569183,54.914170624756956,18.53584178034272,-27.457085312378496,2
风电3-光伏4,72,618868.6162328767,8595.397447678843,764.8399999999999,0.0,99.99999999999996,27.62131879778939,0.0,2,部分达标,618868.6162328767,8595.397447678843,764.8399999999999,0.0,100.00000000000004,27.621318797789385,0.0,2,部分达标,0.0,0.0,0.0,0.0,0.0,8.526512829121202e-14,-3.552713678800501e-15,0.0,0
风电3-光伏4,63,511063.4653328768,8112.11849734725,657.0717999999999,16.7318,88.5351514320954,29.51537190791873,5.73242428395231,2,部分达标,499225.9591352964,7924.221573576134,631.7685714285715,0.0,100.00000000000004,31.600763431979377,0.0,3,全部达标,11837.50619758037,2.316249742068749,187.89692377111624,-25.303228571428463,-16.7318,11.464848567904639,2.085391524060647,-5.73242428395231,1
风电3-光伏4,54,407842.3201328768,7552.635558016237,560.1022,44.26220000000001,69.67096066876798,30.656390828504925,15.164519665616009,3,全部达标,386291.01626686,7153.537338275185,510.8399999680069,0.0,99.99999999999997,36.361371338901876,0.0,3,全部达标,21551.303866016795,5.284224515738162,399.09821974105216,-49.26220003199313,-44.26220000000001,30.329039331231996,5.70498051039695,-15.164519665616009,0
风电3-光伏4,45,313883.8141328767,6975.195869619482,468.0122,76.6722,47.46320405646158,31.4990486226984,26.268397971769215,1,部分达标,291729.2017933164,6482.871150962586,378.58582417582437,0.0,100.00000000000003,43.53391171858698,0.0,3,全部达标,22154.61233956029,7.058220698879861,492.32471865689604,-89.42637582417564,-76.6722,52.53679594353845,12.034863095888578,-26.268397971769215,2
风电3-光伏4,36,227685.20503287672,6324.58902869102,362.8224,95.9824,34.23160202823079,35.061855670103085,32.884198985884616,1,部分达标,202083.24423287672,5613.423450913242,256.84000000000003,4.440892098500626e-14,100.0,53.19288526024201,1.52147872361951e-14,3,全部达标,25601.9608,11.244455166203352,711.1655777777778,-105.98239999999998,-95.98239999999996,65.76839797176922,18.131029590138922,-32.8841989858846,2
风电4-光伏1,72,355389.29663287674,4935.962453234399,353.50199999999995,173.706,60.38288380749071,66.54724051782877,19.80855809625464,3,全部达标,355389.29663287674,4935.962453234399,353.50199999999995,173.70600000000002,60.38288380749074,66.54724051782874,19.80855809625464,3,全部达标,0.0,0.0,0.0,0.0,2.842170943040401e-14,3.552713678800501e-14,-2.842170943040401e-14,0.0,0
风电4-光伏1,63,255443.60063287677,4054.66032750598,246.832,191.536,56.31639685993313,73.52212996932053,21.84180157003344,1,部分达标,246265.08647353598,3908.969626564063,224.18823626373614,173.70600000000002,60.38288380749073,75.82631779931428,19.80855809625464,3,全部达标,9178.51415934079,3.593166607658392,145.69070094191693,-22.64376373626385,-17.829999999999984,4.0664869475576,2.304187829993751,-2.0332434737788,2
风电4-光伏1,54,176737.0055328767,3272.907509868088,188.9542,258.1582,41.12187601206033,76.60647253998911,29.43906199396983,1,部分达标,175675.22120496462,3253.2448371289743,188.9541997183106,266.4598755424864,39.22851340766444,76.3635390878591,30.38574329616778,1,部分达标,1061.7843279120862,0.600770803324815,19.662672739113532,-2.8168938115413766e-07,8.30167554248635,-1.8933626043958967,-0.2429334521300177,0.9466813021979519,0
风电4-光伏1,45,114679.45553287672,2548.4323451750383,188.9542,382.6582,12.727169059120294,72.34357893504288,43.63641547043986,1,部分达标,112521.3854906789,2500.475233126198,188.95419971831046,399.53130411391476,8.878921294453171,71.64326854904552,45.56053935277342,1,部分达标,2158.070042197811,1.88182794570308,47.95711204884037,-2.816895232626848e-07,16.873104113914735,-3.848247764667123,-0.7003103859973692,1.9241238823335607,0
风电4-光伏1,36,52621.90553287669,1461.7195981354637,188.9542,507.1582,-15.667537893819755,66.180877720504,57.83376894690988,1,部分达标,51078.684642876695,1418.8523511910194,187.3899995013262,518.0939995615524,-18.161664992987422,65.69331047526862,59.080832496493706,1,部分达标,1543.2208899999969,2.932658698639934,42.86724694444433,-1.5642004986737845,10.935799561552415,-2.4941270991676667,-0.48756724523538253,1.247063549583828,0
风电4-光伏2,72,445192.6685328768,6183.231507401066,448.0962,9.740200000000009,96.84968723923124,57.59555984555986,1.5751563803843702,3,全部达标,445192.66853287676,6183.231507401066,448.09619999999995,9.740200000000016,96.84968723923127,57.595559845559855,1.5751563803843718,3,全部达标,5.820766091346741e-11,1.3074712372350951e-14,0.0,-5.684341886080802e-14,7.105427357601002e-15,2.842170943040401e-14,-7.105427357601002e-15,1.5543122344752192e-15,0
风电4-光伏2,63,343088.7224328767,5445.852737029789,353.7584,39.90240000000001,87.09420341417028,62.05204779987557,6.4528982929148535,3,全部达标,331165.55340879003,5256.59608585381,319.45304072723377,9.740199999999994,96.84968723923127,65.57903109866282,1.5751563803843682,3,全部达标,11923.169024086674,3.4752436452991753,189.25665117597873,-34.305359272766225,-30.162200000000013,9.755483825060992,3.5269832987872576,-4.877741912530485,0
风电4-光伏2,54,258908.02463287677,4794.593048756977,267.272,77.916,74.79930914477558,66.91031545585105,12.600345427612217,3,全部达标,241943.77549716237,4480.440286984488,203.0342,21.309271428571563,93.1078551052223,74.6235458647677,3.4460724473888455,3,全部达标,16964.249135714403,6.552229951068207,314.1527617724887,-64.2378,-56.606728571428434,18.308545960446722,7.713230408916658,-9.154272980223372,0
风电4-光伏2,45,186395.8976328767,4142.131058508371,227.146,162.29000000000002,47.50988091156662,66.75360791545916,26.24505954421668,1,部分达标,178789.93979287666,3973.109773175037,203.0341997183092,154.3806997183093,50.068018281041816,69.56088862461492,24.965990859479092,1,部分达标,7605.957840000046,4.080539291149345,169.02128533333416,-24.11180028169079,-7.909300281690719,2.5581373694751974,2.807280709155762,-1.279068684737588,0
风电4-光伏2,36,118804.68953287671,3300.130264802131,203.0342,262.6782,15.040914412870093,63.660831901489125,42.47954279356495,1,部分达标,117525.6895428767,3264.6024873021306,203.034199501326,272.6781995615523,11.806573616332043,62.99857859680519,44.09671319183398,1,部分达标,1278.9999900000112,1.076556821981404,35.52777750000041,-4.986740123058553e-07,9.999999561552272,-3.2343407965380493,-0.6622533046839365,1.6171703982690246,0
风电4-光伏3,72,542570.0386328767,7535.694981012177,604.116,0.0,99.99999999999994,42.831024301612544,0.0,3,全部达标,542570.0386328767,7535.694981012177,604.116,0.0,100.0,42.831024301612544,0.0,3,全部达标,0.0,0.0,0.0,0.0,0.0,5.684341886080802e-14,0.0,0.0,0
风电4-光伏3,63,439038.8386328767,6968.870454490107,506.416,26.8,88.15741796360616,45.67634249426101,5.921291018196921,3,全部达标,422927.38152545,6713.133040086507,471.0445714927106,0.0,99.99999999999997,49.001753910423496,0.0,3,全部达标,16111.457107426715,3.669711125693616,255.73741440359936,-35.37142850728941,-26.8,11.842582036393807,3.3254114161624884,-5.921291018196921,0
风电4-光伏3,54,345471.5947328767,6397.622124682902,414.7718,59.6558,73.63885427437673,48.64906155598475,13.18057286281164,3,全部达标,316884.7394379225,5868.235915517083,344.79891215737496,7.105427357601002e-15,100.0,56.75976261178669,1.569899372873638e-15,3,全部达标,28586.855294954206,8.274733937838782,529.3862091658184,-69.97288784262503,-59.65579999999999,26.361145725623274,8.11070105580194,-13.180572862811639,0
风电4-光伏3,45,258378.9895328767,5741.755322952816,338.8422,108.2262,52.17620701540419,50.40511109159568,23.911896492297902,1,部分达标,224534.5722668252,4989.6571614850045,215.4867488358939,1.0658141036401503e-14,100.0,67.74588643663066,2.3548490593104572e-15,3,全部达标,33844.41726605149,13.098749757957798,752.0981614678112,-123.35545116410609,-108.22619999999999,47.82379298459581,17.340775345034977,-23.9118964922979,2
风电4-光伏3,36,177516.4234328767,4931.011762024353,272.5864,166.47039999999998,26.438829528682923,51.21234249713632,36.780585235658535,1,部分达标,160275.19354287675,4452.088709524354,203.03419950132255,106.91819956154932,52.75419591450835,62.99857859680578,23.62290204274582,1,部分达标,17241.22988999996,9.712470292372293,478.92305249999845,-69.55220049867748,-59.55220043845067,26.315366385825428,11.786236099669459,-13.157683192912714,0
风电4-光伏4,72,582062.7746328767,8084.205203234399,668.7560000000001,0.0,99.99999999999991,36.71398289045349,0.0,3,全部达标,582062.7746328767,8084.205203234399,668.7560000000001,0.0,99.99999999999999,36.71398289045348,0.0,3,全部达标,0.0,0.0,0.0,0.0,0.0,7.105427357601002e-14,-7.105427357601002e-15,0.0,0
风电4-光伏4,63,474310.2617328768,7528.734313220266,561.1118,16.8558,91.3106370694188,39.809079401857936,4.344681465290594,3,全部达标,462420.1174900194,7340.001864920943,535.6845714285712,0.0,99.99999999999999,42.003421214624005,0.0,3,全部达标,11890.144242857408,2.5068283784156726,188.73244829932264,-25.427228571428827,-16.8558,8.689362930581183,2.194341812766069,-4.344681465290594,0
风电4-光伏4,54,373279.5365328767,6912.584009868087,469.3022,49.5462,74.45835180583768,41.89791016688951,12.77082409708117,3,全部达标,350087.8272262832,6483.107911597837,414.1886373626372,0.0,100.00000000000003,48.3653586523844,0.0,3,全部达标,23191.70930659352,6.21296027154462,429.4760982702501,-55.113562637362804,-49.5462,25.54164819416235,6.4674484854948915,-12.77082409708117,0
风电4-光伏4,45,281119.17053287674,6247.092678508372,380.9722,85.7162,55.812291862131545,44.23872251983255,22.09385406893423,1,部分达标,256394.09867440743,5697.6466372090545,281.11720884591693,0.0,100.00000000000003,57.98459064022891,0.0,3,全部达标,24725.07185846931,8.795227949627762,549.4460412993176,-99.85499115408305,-85.7162,44.18770813786848,13.74586812039636,-22.09385406893423,2
风电4-光伏4,36,197712.19943287672,5492.005539802131,287.94640000000004,117.1904,39.58697198709158,48.46320160366552,30.206514006454206,1,部分达标,176945.84954448452,4915.162487346792,203.03419942114851,42.27819949105806,78.20509145639384,62.998578610763964,10.89745427180307,3,全部达标,20766.3498883922,10.503322479826226,576.8430524553396,-84.91220057885153,-74.91220050894194,38.618119469302265,14.535377007098447,-19.309059734651136,2
风电5-光伏1,72,372829.90313287673,5178.193099067732,395.9442,158.64419999999998,61.27890459105218,62.53083125141951,19.36054770447389,3,全部达标,372829.90313287673,5178.193099067732,395.9442,158.6442,61.27890459105221,62.53083125141949,19.360547704473895,3,全部达标,0.0,0.0,0.0,0.0,2.842170943040401e-14,2.842170943040401e-14,-1.4210854715202004e-14,3.552713678800501e-15,0
风电5-光伏1,63,272296.60703287675,4322.168365601218,305.3064,192.5064,53.0139855019404,67.24953337195083,23.4930072490298,1,部分达标,262862.8213801294,4172.42573619253,266.7927989010989,158.6442,61.278904591052196,71.23740505907907,19.360547704473895,3,全部达标,9433.785652747378,3.4645255978560003,149.74262940868812,-38.51360109890112,-33.8622,8.2649190891118,3.9878716871282336,-4.132459544555907,2
风电5-光伏1,54,191210.29403287667,3540.9313709791977,222.3924,234.0924,42.86387932928167,72.46664685782204,28.568060335359156,1,部分达标,187825.64837364582,3478.2527476601076,212.75019971831426,233.6117381798527,42.981196900282455,73.3582185944858,28.509401549858765,1,部分达标,3384.645659230853,1.7701168633990478,62.67862331909009,-9.642200281685746,-0.4806618201473043,0.11731757100078255,0.8915717366637637,-0.058658785500391275,0
风电5-光伏1,45,126939.8591328767,2820.885758508371,212.7502,348.9502,14.829952893510043,68.8606598167501,42.58502355324497,1,部分达标,124701.60914287672,2771.146869841705,212.75019950132332,366.45019956155,10.558639144382607,68.04208983948651,44.72068042780869,1,部分达标,2238.249989999982,1.7632365478340821,49.738888666665844,-4.986766839465417e-07,17.49999956155,-4.271313749127437,-0.8185699772635928,2.135656874563715,0
风电5-光伏1,36,64882.30913287671,1802.286364802131,212.7502,473.4502,-15.55739425447267,61.92185710194732,57.778697127236335,1,部分达标,63603.30914287673,1766.7585873021314,212.7501995013233,483.45019956155,-17.998144922396328,61.22791231872825,58.99907246119815,1,部分达标,1278.999989999982,1.9712615150312154,35.5277774999995,-4.986767123682512e-07,9.999999561549998,-2.4407506679236572,-0.6939447832190666,1.2203753339618189,0
风电5-光伏2,72,464455.0190328768,6450.7641532344,505.7104,9.850400000000008,96.48739435866348,52.14338708456355,1.756302820668261,3,全部达标,464455.01903287676,6450.7641532344,505.7104,9.850400000000008,96.48739435866351,52.14338708456354,1.756302820668261,3,全部达标,5.820766091346741e-11,1.2532464615125008e-14,0.0,0.0,0.0,2.842170943040401e-14,-7.105427357601002e-15,0.0,0
风电5-光伏2,63,360389.8829328768,5720.474332267885,406.7526,35.39260000000001,87.3791677067361,56.36731672781102,6.310416146631962,3,全部达标,351414.04545013886,5578.000721430775,377.7018561199279,9.850400000000008,96.48739435866351,59.33054840327564,1.756302820668261,3,全部达标,8975.83748273796,2.490590859458095,142.47361083710985,-29.050743880072048,-25.5422,9.10822665192741,2.9632316754646197,-4.5541133259637006,0
风电5-光伏2,54,274691.9051328767,5086.887132090309,303.7442,56.88420000000001,79.71536568840712,62.3948645570247,10.14231715579646,3,全部达标,258975.35943384276,4795.839989515607,248.14201835748776,9.850400000000008,96.48739435866351,68.94931917081027,1.756302820668261,3,全部达标,15716.545699033944,5.721517600393568,291.04714257470187,-55.60218164251222,-47.0338,16.77202867025639,6.554454613785573,-8.3860143351282,0
风电5-光伏2,45,201127.7300328767,4469.505111841704,253.6064,131.24640000000002,53.19815996861963,62.88071192295306,23.4009200156902,1,部分达标,191304.88196269952,4251.2195991711005,226.8301996861527,118.68256232351548,57.678364538916824,66.09452762297856,21.16081773054158,1,部分达标,9822.848070177162,4.883885513236541,218.28551267060357,-26.776200313847312,-12.563837676484539,4.480204570297197,3.213815700025499,-2.2401022851486196,0
风电5-光伏2,36,132637.62713287672,3684.3785314687975,233.6822,235.8222,15.906928645294728,58.17543671248566,42.04653567735265,1,部分达标,129786.0931428767,3605.1692539687974,226.830199501326,238.9701995615523,14.78436702151971,58.661940602452525,42.60781648924016,1,部分达标,2851.533990000011,2.1498680665806367,79.2092775000001,-6.852000498673988,3.1479995615522967,-1.1225616237750184,0.4865038899668619,0.5612808118875066,0
风电5-光伏3,72,561407.3482328767,7797.324281012177,661.6200000000001,0.0,99.99999999999991,37.38928003633887,0.0,3,全部达标,561407.3482328767,7797.324281012177,661.62,0.0,100.0,37.38928003633886,0.0,3,全部达标,0.0,0.0,0.0,-1.1368683772161603e-13,0.0,8.526512829121202e-14,-7.105427357601002e-15,0.0,0
风电5-光伏3,63,456527.1721328767,7246.463049728201,560.7422,23.6222,88.0424196405973,39.848726695415245,5.978790179701341,3,全部达标,441764.69109001954,7012.137953809834,528.5485714285714,0.0,99.99999999999997,42.77600942844681,0.0,3,全部达标,14762.481042857165,3.2336478404751774,234.32509591836788,-32.193628571428576,-23.6222,11.95758035940267,2.927282733031568,-5.978790179701341,0
风电5-光伏3,54,365933.0842328767,6776.538596905124,476.588,63.968,67.61933687674008,40.9958896647353,16.190331561629964,3,全部达标,336680.16027153376,6234.817782806181,401.7406044730194,0.0,100.0,49.58331663599076,0.0,3,全部达标,29252.923961342953,7.994063729620753,541.7208140989433,-74.84739552698062,-63.968,32.38066312325992,8.58742697125546,-16.190331561629964,0
风电5-光伏3,45,279953.0944328767,6221.179876286148,388.9636,100.8436,48.95287269045809,43.06905535552239,25.523563654770943,1,部分达标,244217.70163294105,5427.060036287579,272.11425125927343,0.0,99.99999999999999,59.216361049588514,0.0,3,全部达标,35735.392799935624,12.764778639910254,794.1198399985688,-116.84934874072655,-100.8436,51.04712730954189,16.147305694066127,-25.523563654770943,2
风电5-光伏3,36,195348.1231328767,5426.336753691019,320.6582,157.03820000000002,20.507112123513004,42.60842640320734,39.74644393824349,1,部分达标,172535.59714413033,4792.655476225842,226.83019943881118,73.21019950658754,62.9409265975259,58.66194061327662,18.52953670123704,3,全部达标,22812.525988746376,11.677883371947829,633.6812774651771,-93.82800056118884,-83.82800049341247,42.4338144740129,16.05351421006928,-21.21690723700645,2
风电5-光伏4,72,600900.0842328767,8345.834503234399,726.26,0.0,99.99999999999996,31.2722386251798,0.0,3,全部达标,600900.0842328767,8345.834503234399,726.26,0.0,100.00000000000004,31.272238625179792,0.0,3,全部达标,0.0,0.0,0.0,0.0,0.0,8.526512829121202e-14,-7.105427357601002e-15,0.0,0
风电5-光伏4,63,495476.5481328767,7864.707113220265,624.1022,22.3422,86.47812140652424,33.05204779987555,6.760939296737882,3,全部达标,481257.427132921,7639.006779887635,593.1885715062353,0.0,100.0,35.77767672623625,0.0,3,全部达标,14219.120999955689,2.869786885683722,225.70033333262927,-30.91362849376469,-22.3422,13.521878593475762,2.7256289263606988,-6.760939296737882,0
风电5-光伏4,54,394717.2482328767,7309.578670979197,532.932,55.672,66.30636083035769,34.020205021542104,16.846819584821162,3,全部达标,369792.4056174919,6848.007511435036,470.87615384615367,3.552713678800501e-15,100.00000000000004,41.23862356813668,1.0750813044848096e-15,3,全部达标,24924.842615384783,6.31460690582225,461.5711595441617,-62.055846153846346,-55.672,33.69363916964235,7.218418546594577,-16.846819584821162,0
风电5-光伏4,45,302722.5650328767,6727.168111841704,445.4784,92.7184,43.8852508624342,34.797224905594085,28.057374568782915,1,部分达标,276098.6770684492,6135.526157076649,337.80472533736025,3.552713678800501e-15,100.00000000000003,49.45046288851678,1.0750813044848096e-15,3,全部达标,26623.88796442747,8.794814473620766,591.6419547650548,-107.67367466263977,-92.7184,56.11474913756583,14.653237982922697,-28.057374568782915,2
风电5-光伏4,36,216109.84613287676,6003.051281468798,338.4842,110.2242,33.290443624039206,39.417919530355086,33.3547781879804,1,部分达标,189206.25314657294,5255.729254071471,226.8301993170045,8.570199399491809,94.81316988471117,58.66194063436666,2.5934150576444384,3,全部达标,26903.592986303818,12.449036204376334,747.3220273973275,-111.65400068299547,-101.65400060050818,61.522726260671966,19.244021104011573,-30.761363130335962,2
风电6-光伏1,72,396943.3761328767,5513.102446289955,431.7862,90.8262,74.62104616072423,59.13901506548567,12.689476919637867,3,全部达标,396943.3761328767,5513.102446289955,431.7862,90.8262,74.62104616072426,59.13901506548566,12.689476919637869,3,全部达标,0.0,0.0,0.0,0.0,0.0,2.842170943040401e-14,-1.4210854715202004e-14,1.7763568394002505e-15,0
风电6-光伏1,63,295693.5240328767,4693.548000521852,339.4604,123.0004,65.63082597518721,63.58580592563988,17.184587012406393,3,全部达标,286730.0040695952,4551.26990586659,302.8666670865095,90.8262,74.62104616072426,67.35648689231908,12.689476919637869,3,全部达标,8963.51996328152,3.0313548437012474,142.27809465526207,-36.5937329134905,-32.1742,8.990220185537055,3.770680966679201,-4.495110092768524,0
风电6-光伏1,54,214810.08903287677,3977.96461171994,257.4304,165.47039999999998,53.76371968257514,68.1287574902194,23.118140158712414,1,部分达标,210384.04206745507,3896.0007790269456,243.18619967601342,160.2723535221674,55.21617482894619,69.5512503824785,22.39191258552691,1,部分达标,4426.046965421701,2.0604465020003286,81.9638326929944,-14.244200323986604,-5.198046477832577,1.4524551463710438,1.4224928922591005,-0.7262275731855041,0
风电6-光伏1,45,149483.4951328767,3321.85544739726,243.1862,275.7262,22.955683469319325,64.40587219343695,38.52215826534034,1,部分达标,147245.24514287664,3272.116558730592,243.1861995013246,293.22619956155125,18.06577636035786,63.47019775230949,40.96711181982107,1,部分达标,2238.2499900000694,1.4973224890215984,49.73888866666812,-4.986754049696174e-07,17.49999956155125,-4.8899071089614665,-0.9356744411274605,2.4449535544807333,0
风电6-光伏1,36,87425.94513287666,2428.4984759132403,243.1862,400.22620000000006,-11.832513691740257,56.47440578465061,55.91625684587014,1,部分达标,86146.94515149505,2392.9706986526403,243.18619907154613,410.22619918367843,-14.626746167340562,55.68118546412708,57.313373083670285,1,部分达标,1278.9999813816103,1.4629524215468166,35.52777726060003,-9.284538862175395e-07,9.99999918367837,-2.794232475600305,-0.793220320523524,1.397116237800148,0
风电6-光伏2,72,506640.5082328767,7036.6737254566215,599.52,0.0,99.99999999999996,43.265955030660926,0.0,3,全部达标,506640.5082328767,7036.6737254566215,599.52,0.0,100.0,43.26595503066092,0.0,3,全部达标,0.0,0.0,0.0,0.0,0.0,4.263256414560601e-14,-7.105427357601002e-15,0.0,0
风电6-光伏2,63,401858.8161328767,6378.711367188519,498.8742,23.8542,89.56509186351707,46.48535753362941,5.21745406824147,3,全部达标,389464.9461494469,6181.983272213442,470.91471011431906,3.552713678800501e-15,99.99999999999997,49.261152206464345,7.770589848645014e-16,3,全部达标,12393.869983429788,3.0841353942902403,196.7280949750766,-27.95948988568091,-23.854199999999995,10.434908136482903,2.775794672834934,-5.217454068241469,0
风电6-光伏2,54,316518.8583328767,5861.460339497717,397.4258,46.9058,79.48127734033245,50.7965879265092,10.25936132983377,3,全部达标,294891.0637449426,5460.945624906344,338.67189566890283,3.552713678800501e-15,100.0,57.446431076164494,7.770589848645014e-16,3,全部达标,21627.7945879341,6.833019271536918,400.51471459137247,-58.75390433109715,-46.9058,20.518722659667546,6.649843149655297,-10.25936132983377,0
风电6-光伏2,45,236415.22023287672,5253.671560730594,331.216,105.196,53.982502187226586,51.52132548812974,23.0087489063867,1,部分达标,213927.25728245068,4753.9390507211265,257.2661995786291,44.84293034786002,80.38367001405948,61.580457042037374,9.808164992970257,3,全部达标,22487.962950426037,9.512062264127774,499.73251000946766,-73.94980042137092,-60.35306965213998,26.40116782683289,10.059131553907633,-13.200583913416443,2
风电6-光伏2,36,161738.2932328767,4492.7303675799085,283.01,181.49,20.60804899387577,49.34672107674685,39.69597550306212,1,部分达标,152329.72914287672,4231.381365079909,257.266199501325,165.74619956155146,27.4951008042207,53.1152136737203,36.252449597889644,1,部分达标,9408.56408999997,5.81715306989989,261.3490024999992,-25.743800498675,-15.743800438448545,6.887051810344932,3.768492596973445,-3.4435259051724785,0
风电6-光伏3,72,607774.3322328768,8441.310169901066,765.28,0.0,99.99999999999994,27.579680520857,0.0,2,部分达标,607774.3322328768,8441.310169901066,765.28,0.0,100.00000000000003,27.579680520856993,0.0,2,部分达标,0.0,0.0,0.0,0.0,0.0,8.526512829121202e-14,-7.105427357601002e-15,0.0,0
风电6-光伏3,63,502177.6001328768,7971.073017982171,662.7142,21.934200000000004,84.94770793302223,28.91010705627427,7.526146033488884,2,部分达标,488131.6751343877,7748.121827529963,632.2085714285711,0.0,99.99999999999997,31.55312626632889,0.0,3,全部达标,14045.924998489092,2.7970034893576545,222.9511904522078,-30.50562857142893,-21.934200000000004,15.052292066977742,2.643019210054618,-7.526146033488884,1
风电6-光伏3,54,402807.2642328768,7459.39378209031,574.816,58.536,59.82981059566289,28.83474471351458,20.085094702168544,0,全部不达标,377391.51757353585,6988.731806917331,509.21373626373594,3.552713678800501e-15,100.0,36.40025479179172,1.2190206144662712e-15,3,全部达标,25415.746659340977,6.309654496361629,470.6619751729795,-65.60226373626409,-58.536,40.17018940433711,7.565510078277136,-20.085094702168544,3
风电6-光伏3,45,312046.3070328767,6934.362378508371,490.9504,99.1704,31.94455119407084,28.14168203506923,34.02772440296459,0,全部不达标,283697.7890260321,6304.395311689602,376.1423077592488,3.552713678800501e-15,99.99999999999996,43.65604010361259,1.2190206144662712e-15,3,全部达标,28348.51800684462,9.08471511052296,629.9670668187691,-114.8080922407512,-99.1704,68.05544880592912,15.514358068543359,-34.02772440296459,3
风电6-光伏3,36,226613.6771328767,6294.824364802131,389.0982,121.8182,16.402552841065063,30.358999140893477,41.79872357946747,1,部分达标,195082.4002328767,5418.955562024353,257.28,7.105427357601002e-15,100.00000000000003,53.112698644117216,2.4380412289325425e-15,3,全部达标,31531.276899999997,13.914110259775445,875.868802777778,-131.81820000000005,-121.81819999999999,83.59744715893497,22.75369950322374,-41.79872357946747,2
风电6-光伏4,72,647267.0682328767,8989.820392123287,829.92,0.0,99.99999999999991,21.46263910969794,0.0,2,部分达标,647267.0682328767,8989.820392123287,829.92,0.0,100.00000000000003,21.462639109697935,0.0,2,部分达标,0.0,0.0,0.0,0.0,0.0,1.1368683772161603e-13,-3.552713678800501e-15,0.0,0
风电6-光伏4,63,536745.1173328768,8519.76376718852,715.7518,10.3318,90.88906525573192,23.2207204307996,4.555467372134039,2,部分达标,527624.4111391125,8374.990653001787,696.848571428571,0.0,100.00000000000003,24.554793567126655,0.0,2,部分达标,9120.706193764228,1.6992620704377606,144.77311418673344,-18.903228571429054,-10.3318,9.110934744268107,1.3340731363270564,-4.555467372134039,0
风电6-光伏4,54,431432.80023287673,7989.496300608828,613.856,32.93600000000001,70.95590828924162,24.00138661912544,14.52204585537919,2,部分达标,414689.46827067627,7679.434597605116,575.9199999644134,0.0,99.99999999999997,28.25393661675985,0.0,2,部分达标,16743.331962200464,3.8808667197215483,310.06170300371195,-37.93600003558663,-32.93600000000001,29.04409171075835,4.252549997634411,-14.52204585537919,0
风电6-光伏4,45,333375.8130328767,7408.351400730593,511.2504,54.8304,51.64867724867725,25.1704575392992,24.17566137566137,0,全部不达标,317570.23223349167,7057.1162718553705,446.07348898454575,0.0,99.99999999999997,33.70618752453317,0.0,3,全部达标,15805.580799385032,4.741070042122799,351.2351288752225,-65.17691101545427,-54.8304,48.35132275132272,8.53572998523397,-24.17566137566137,3
风电6-光伏4,36,245270.47203287669,6813.068667579908,397.7524,65.8324,41.9467372134039,28.810065864833906,29.026631393298064,0,全部不达标,227063.77523287656,6307.3270898021265,321.9199999999998,3.552713678800501e-15,100.0,41.33255576614668,1.5664522393300268e-15,3,全部达标,18206.69680000012,7.423109944339182,505.74157777778146,-75.83240000000023,-65.8324,58.0532627865961,12.522489901312778,-29.026631393298064,3
