场景,风电场景,光伏场景,日氨产量(t/day),总负荷电量(MWh),常规负荷电量(MWh),生产负荷电量(MWh),碱性电解槽用电量(MWh),PEM电解槽用电量(MWh),合成氨装置用电量(MWh),碱性电解槽运行时数(h),PEM电解槽运行时数(h),合成氨装置运行时数(h),碱性电解槽利用率(%),PEM电解槽利用率(%),合成氨装置利用率(%),PEM制氢占比(%),高电价时段生产用电量(MWh),风电电量(MWh),光伏电量(MWh),新能源发电量(MWh),购电量(MWh),售电量(MWh),新能源自发自用比例(%),新能源供电占比(%),上网电量比例(%),新能源自发自用比例达标,新能源供电占比达标,上网电量比例达标,达标指标数,达标状态,风电发电成本(¥/day),光伏发电成本(¥/day),购电成本(¥/day),售电收入(¥/day),碱性电解槽运维成本(¥/day),PEM电解槽运维成本(¥/day),合成氨装置运维成本(¥/day),合成氨装置资本分摊(¥/day),日净成本(¥/day),净吨氨成本(¥/t),求解器,一级最优变动净成本(¥/day),二级最小购电量(MWh),三级最小售电量(MWh)
风电1-光伏1,1,1,72.0,1056.72,60.72,996.0,480.0,480.0,36.0,24,24,24,100.0,100.0,100.0,53.333333333333336,332.0,252.324,509.44000000000005,761.7639999999999,430.28,135.324,64.4708859961878,59.28155045802102,17.764557001906105,True,True,True,3,全部达标,37848.6,61132.8,219763.86000000002,51138.93960000001,48000.0,72000.0,72.0,3287.671232876712,390965.9916328767,5430.083217123287,SciPy HiGHS MILP,288696.9204,430.28,135.324
风电1-光伏1,1,1,63.0,929.0417032800234,60.72,868.3217032800233,394.57362624018964,442.2480770398337,31.499999999999986,21,24,24,82.20283880003952,92.13501604996534,87.49999999999996,56.158485973312246,230.638000121427,252.324,509.44000000000005,761.7639999999999,302.60170328002334,135.324,64.47088599618782,67.42862002731688,17.764557001906105,True,True,True,3,全部达标,37848.6,61132.8,122446.47259596443,51138.93960000001,39457.36262401896,66337.21155597505,62.99999999999997,3287.671232876712,279434.1784088351,4435.463149346589,SciPy HiGHS MILP,177165.10715824176,302.6017032800234,135.324
风电1-光伏1,1,1,54.0,802.7559890109887,60.72,742.0359890109889,320.28791208791193,394.74807692307695,26.999999999999993,17,20,20,66.72664835164832,82.2391826923077,74.99999999999997,58.481196581196606,202.138,252.324,509.44000000000005,761.7639999999999,233.21019971830356,192.21821070731468,49.53339598423797,70.94880599948894,25.233302007881008,False,True,False,1,部分达标,37848.6,61132.8,79851.17238354712,72639.26182629423,32028.791208791194,59212.211538461546,53.999999999999986,3287.671232876712,200775.98453738232,3718.0737877293022,SciPy HiGHS MILP,98506.91329450546,233.21019971830336,192.21821070731468
风电1-光伏1,1,1,45.0,669.6845604395603,60.72,608.9645604395603,191.71648351648338,394.74807692307695,22.499999999999993,10,20,20,39.94093406593404,82.2391826923077,62.49999999999998,70.17743589743591,119.33800000000001,252.324,509.44000000000005,761.7639999999999,233.21019971831177,325.28963927875145,14.595691243284941,65.17611223331178,42.702154378357534,False,True,False,1,部分达标,37848.6,61132.8,79851.17238354994,122926.95468344018,19171.64835164834,59212.211538461546,44.999999999999986,3287.671232876712,137622.14882309636,3058.269973846586,SciPy HiGHS MILP,35353.07758021967,233.21019971831166,325.28963927875145
风电1-光伏1,1,1,36.0,548.7199999397741,60.72,487.99999993977417,159.99999951819328,310.00000042158086,18.0,8,16,16,33.33333323295694,64.58333342116268,50.0,68.88888898257352,104.0,252.324,509.44000000000005,761.7639999999999,233.21019950133007,446.25419956155594,-17.163373318128965,57.49923466851462,58.58168665906449,False,True,False,1,部分达标,37848.6,61132.8,79851.1723092554,168639.462014312,15999.999951819327,46500.00006323713,36.0,3287.671232876712,76016.78154287656,2111.5772650799045,SciPy HiGHS MILP,-26252.289700000078,233.2101995013291,446.25419956155594
风电1-光伏2,1,2,72.0,1056.72,60.72,996.0,480.0,480.0,36.0,24,24,24,100.0,100.0,100.0,53.333333333333336,332.0,252.324,250.88,503.204,560.9662000000001,7.450200000000002,97.03889476236277,46.9143954879249,1.4805526188186109,True,True,True,3,全部达标,37848.6,30105.6,301293.82788,2815.430580000001,48000.0,72000.0,72.0,3287.671232876712,489792.26853287674,6802.670396289955,SciPy HiGHS MILP,418550.3973,560.9662,7.450200000000002
风电1-光伏2,1,2,63.0,929.581594174449,60.72,868.861594174449,398.8927533955948,438.4688407788542,31.49999999999999,21,24,24,83.10265695741559,91.34767516226128,87.49999999999997,55.678582956045,204.86159441000842,252.324,250.88,503.204,433.8277941744491,7.4502000000000095,97.03889476236277,53.33085369878406,1.4805526188186122,True,True,True,3,全部达标,37848.6,30105.6,199277.971091512,2815.430580000004,39889.27533955948,65770.32611682813,62.99999999999998,3287.671232876712,373427.01320077636,5927.412907948831,SciPy HiGHS MILP,302185.1419376811,433.8277941744487,7.450200000000002
风电1-光伏2,1,2,54.0,797.1131318485633,60.72,736.3931318485634,275.14505478850947,434.2480770600539,26.999999999999986,18,24,24,57.321886414272804,90.46834938751122,74.99999999999996,64.33304845334135,200.47200014245604,252.324,250.88,503.204,301.35933184856333,7.450200000000017,97.03889476236277,62.19365610629334,1.4805526188186136,True,True,True,3,全部达标,37848.6,30105.6,117960.6561925963,2815.4305800000066,27514.505478850948,65137.21155900809,53.99999999999997,3287.671232876712,279092.81388333207,5168.385442283928,SciPy HiGHS MILP,207850.9426296703,301.35933184856316,7.450200000000002
风电1-光伏2,1,2,45.0,671.920247252747,60.72,611.200247252747,209.60197802197789,379.09826923076923,22.499999999999993,12,20,20,43.667078754578725,78.97880608974359,62.49999999999998,67.39524786324787,151.18584762697012,252.324,250.88,503.204,247.290199625777,78.5739523730299,68.77053744682874,63.19649532264249,15.61473127658562,True,True,True,3,全部达标,37848.6,30105.6,84672.16435186603,29693.096601768,20960.19780219779,56864.74038461538,44.999999999999986,3287.671232876712,204090.87716978788,4535.352825995286,SciPy HiGHS MILP,132849.00592362633,247.29019962577678,78.57395237302991
风电1-光伏2,1,2,36.0,548.719999939773,60.72,487.999999939773,159.9999995181845,310.0000004215885,17.999999999999993,8,16,16,33.333333232955106,64.58333342116427,49.99999999999998,68.88888898257522,80.75580043845203,252.324,250.88,503.204,247.29019950132096,201.774199561548,19.804214767152878,54.93326295224098,40.09789261642355,False,True,False,1,部分达标,37848.6,30105.6,84672.16430925229,76250.47001430899,15999.999951818449,46500.00006323827,35.999999999999986,3287.671232876712,142199.56554287675,3949.9879317465766,SciPy HiGHS MILP,70957.69429999997,247.29019950132243,201.774199561548
风电1-光伏3,1,3,72.0,1056.72,60.72,996.0,480.0,480.0,36.0,24,24,24,100.0,100.0,100.0,53.333333333333336,332.0,252.324,85.12,337.44399999999996,719.2760000000001,0.0,100.0,31.933151639033987,0.0,True,True,True,3,全部达标,37848.6,10214.400000000001,416340.8114,0.0,48000.0,72000.0,72.0,3287.671232876712,587763.4826328767,8163.381703234399,SciPy HiGHS MILP,536412.8114,719.276,0.0
风电1-光伏3,1,3,63.0,923.6485714285714,60.72,862.9285714285714,351.42857142857144,480.0,31.499999999999996,19,24,24,73.21428571428572,100.0,87.49999999999999,60.952380952380956,198.92857164230043,252.324,85.12,337.44399999999996,586.2045714285714,0.0,100.0,36.53380846766086,0.0,True,True,True,3,全部达标,37848.6,10214.400000000001,309564.2971559629,0.0,35142.857142857145,72000.0,62.99999999999999,3287.671232876712,468120.8255316968,7430.489294153917,SciPy HiGHS MILP,416770.1542571428,586.2045714285714,0.0
风电1-光伏3,1,3,54.0,799.9051648061852,60.72,739.1851648061852,297.48131844948114,414.70384635670405,27.0,16,24,24,61.97527467697523,86.39663465764667,75.0,61.43760686765985,103.6022002109722,252.324,85.12,337.44399999999996,462.46116480618514,4.440892098500626e-15,100.00000000000004,42.18550083768514,1.3160382459017279e-15,True,True,True,3,全部达标,37848.6,10214.400000000001,215813.90954441644,1.6782131240233868e-12,29748.131844948115,62205.57695350561,54.0,3287.671232876712,359172.2895757469,6651.338695847166,SciPy HiGHS MILP,307821.6183120879,462.4611648061851,0.0
风电1-光伏3,1,3,45.0,666.8337362637362,60.72,606.1137362637362,168.90989010989003,414.70384615384614,22.499999999999996,10,24,24,35.189560439560424,86.39663461538461,62.499999999999986,73.72512820512821,103.60220000000001,252.324,85.12,337.44399999999996,329.3897362637362,3.552713678800501e-15,100.00000000000003,50.60391843560523,1.0528305967213823e-15,True,True,True,3,全部达标,37848.6,10214.400000000001,134986.3238065934,1.3425704992187094e-12,16890.989010989004,62205.57692307692,44.99999999999999,3287.671232876712,265478.56097353605,5899.52357718969,SciPy HiGHS MILP,214127.88974065933,329.3897362435774,0.0
风电1-光伏3,1,3,36.0,548.7199999195384,60.72,487.99999991953837,159.99999935630694,310.0000005632314,18.0,8,18,18,33.333333199230616,64.58333345067321,50.0,68.88888901405143,85.59400000000001,252.324,85.12,337.44399999999996,247.2901993337777,36.014199414239314,78.65471046203855,54.93326298111255,10.672644768980726,True,True,True,3,全部达标,37848.6,10214.400000000001,84672.16425188548,13609.765958641037,15999.999935630694,46500.000084484716,36.0,3287.671232876712,184949.06954623657,5137.474154062127,SciPy HiGHS MILP,133598.3983,247.29019933377708,36.01419941423931
风电1-光伏4,1,4,72.0,1056.72,60.72,996.0,480.0,480.0,36.0,24,24,24,100.0,100.0,100.0,53.333333333333336,332.0,252.324,20.480000000000004,272.804,783.9159999999999,0.0,100.00000000000004,25.816110227874933,0.0,True,False,True,2,部分达标,37848.6,2457.6000000000004,463590.34739999997,0.0,48000.0,72000.0,72.0,3287.671232876712,627256.2186328768,8711.89192545662,SciPy HiGHS MILP,583662.3474,783.916,0.0
风电1-光伏4,1,4,63.0,923.6485715125722,60.72,862.9285715125723,351.428572100578,479.9999994119942,31.499999999999993,24,24,24,73.21428585428707,99.99999987749881,87.49999999999997,60.95238087771355,198.92857151257215,252.324,20.480000000000004,272.804,650.8445715125722,0.0,100.0,29.535475765772535,0.0,True,False,True,2,部分达标,37848.6,2457.6000000000004,356813.8331816879,0.0,35142.857210057795,71999.99991179914,62.999999999999986,3287.671232876712,507613.5615364216,8057.358119625739,SciPy HiGHS MILP,464019.69025714276,650.8445714285713,0.0
风电1-光伏4,1,4,54.0,802.7199999669471,60.72,741.999999966947,319.99999973557783,395.0000002313693,26.999999999999993,16,24,24,66.66666661157872,82.29166671486861,74.99999999999997,58.51851855279547,78.00000024062402,252.324,20.480000000000004,272.804,529.9159999669471,3.552713678800501e-15,100.0,33.98495116743484,1.3022953031482314e-15,True,True,True,3,全部达标,37848.6,2457.6000000000004,259780.74742684534,1.3425704992187094e-12,31999.999973557784,59250.000034705394,53.999999999999986,3287.671232876712,394678.6186679852,7308.863308666392,SciPy HiGHS MILP,351084.7474,529.9159999669472,0.0
风电1-光伏4,1,4,45.0,671.7468955803731,60.72,611.0268955803731,208.215164642987,380.3117309373862,22.499999999999993,11,24,24,43.378159300622286,79.23161061195546,62.49999999999998,67.61097438886868,62.72420017488162,252.324,20.480000000000004,272.804,398.94289558037315,3.552713678800501e-15,100.0,40.61112925044542,1.3022953031482314e-15,True,True,True,3,全部达标,37848.6,2457.6000000000004,177248.90280962054,1.3425704992187094e-12,20821.5164642987,57046.759640607925,44.999999999999986,3287.671232876712,298756.0501474039,6639.023336608976,SciPy HiGHS MILP,255162.17888901092,398.9428955803732,0.0
风电1-光伏4,1,4,36.0,548.72,60.72,488.00000000000006,160.0,310.0,18.0,8,24,24,33.33333333333333,64.58333333333334,50.0,68.88888888888887,62.724200084645105,252.324,20.480000000000004,272.804,275.91600000000005,3.552713678800501e-15,100.0,49.7164309666132,1.3022953031482314e-15,True,True,True,3,全部达标,37848.6,2457.6000000000004,102522.36641650581,1.3425704992187094e-12,16000.0,46500.0,36.0,3287.671232876712,208652.23764938253,5795.895490260626,SciPy HiGHS MILP,165058.36639999997,275.9159999910139,0.0
风电2-光伏1,2,1,72.0,1056.72,60.72,996.0,480.0,480.0,36.0,24,24,24,100.0,100.0,100.0,53.333333333333336,332.0,149.464,509.44000000000005,658.904,487.42799999999994,89.612,72.79967946772217,53.87349534408358,13.600160266138921,True,True,True,3,全部达标,22419.6,61132.8,247139.61519999997,33864.3748,48000.0,72000.0,72.0,3287.671232876712,420187.3116328767,5835.934883789954,SciPy HiGHS MILP,333347.2404,487.428,89.61199999999998
风电2-光伏1,2,1,63.0,929.6015933857477,60.72,868.8815933857477,399.0527470859829,438.32884629976485,31.499999999999996,21,23,23,83.13598897624644,91.31850964578435,87.49999999999999,55.66080587933523,226.56200015175546,149.464,509.44000000000005,658.904,360.77759338574776,90.07999999999998,72.65762539004164,61.1900844455589,13.671187304979176,True,True,True,3,全部达标,22419.6,61132.8,149743.00825209552,34041.231999999996,39905.27470859829,65749.32694496473,62.99999999999999,3287.671232876712,308259.4491385353,4893.0071291831,SciPy HiGHS MILP,221419.37788351648,360.7775933857479,90.07999999999998
风电2-光伏1,2,1,54.0,802.7801648351647,60.72,742.0601648351646,320.48131868131856,394.57884615384614,26.999999999999993,18,20,20,66.76694139194137,82.20392628205127,74.99999999999997,58.456125356125376,222.662,149.464,509.44000000000005,658.904,263.2563996159118,119.3802347807471,63.763997553286345,67.20691278290785,18.118001223356835,True,True,True,3,全部达标,22419.6,61132.8,90175.6142284882,45113.790723644335,32048.131868131855,59186.82692307692,53.999999999999986,3287.671232876712,223190.85352892935,4133.163954239432,SciPy HiGHS MILP,136350.78228241758,263.25639961591105,119.3802347807471
风电2-光伏1,2,1,45.0,669.708736263736,60.72,608.9887362637361,191.90989010988994,394.5788461538462,22.499999999999993,10,20,20,39.981227106227074,82.20392628205128,62.49999999999998,70.14735042735046,119.162,149.464,509.44000000000005,658.904,263.2563997183109,252.45166345457477,23.372247412498687,60.69091151669872,38.313876293750646,False,True,False,1,部分达标,22419.6,61132.8,90175.61426354965,95401.48361948381,19190.989010988993,59186.82692307693,44.999999999999986,3287.671232876712,160037.01781100847,3556.3781735779658,SciPy HiGHS MILP,73196.9465681318,263.2563997183094,252.45166345457477
风电2-光伏1,2,1,36.0,548.7199999397736,60.72,487.9999999397736,159.9999995181886,310.000000421585,18.0,8,19,19,33.33333323295596,64.58333342116354,50.0,68.88888898257444,48.10000043844846,149.464,509.44000000000005,658.904,263.2563995013251,373.44039956155154,-13.351990445209475,52.02354579198505,56.67599522260475,False,True,False,1,部分达标,22419.6,61132.8,90175.61418925374,141123.12699431035,15999.99995181886,46500.00006323775,36.0,3287.671232876712,98428.5584428767,2734.1266234132418,SciPy HiGHS MILP,11588.487199999956,263.2563995013253,373.44039956155154
风电2-光伏2,2,2,72.0,1056.72,60.72,996.0,480.0,480.0,36.0,24,24,24,100.0,100.0,100.0,53.333333333333336,332.0,149.464,250.88,400.34400000000005,656.376,0.0,100.0,37.88553259141495,0.0,True,True,True,3,全部达标,22419.6,30105.6,354449.83139999997,0.0,48000.0,72000.0,72.0,3287.671232876712,530334.7026328767,7365.7597587899545,SciPy HiGHS MILP,474521.83139999997,656.376,0.0
风电2-光伏2,2,2,63.0,928.0084299180539,60.72,867.2884299180541,386.30743934443353,449.4809905736206,31.499999999999996,21,24,24,80.48071653009032,93.64187303617096,87.49999999999999,57.07695118395182,203.2884301965654,149.464,250.88,400.34400000000005,527.6644299180541,7.105427357601002e-15,99.99999999999994,43.140125358058626,1.7748304851829929e-15,True,True,True,3,全部达标,22419.6,30105.6,251171.6676205563,2.685140998437419e-12,38630.74393444335,67422.14858604308,62.99999999999999,3287.671232876712,413100.4313739195,6557.1497043479285,SciPy HiGHS MILP,357287.56010531395,527.6644299180541,0.0
风电2-光伏2,2,2,54.0,797.6730219534609,60.72,736.9530219534608,279.6241756276886,430.32884632577236,26.999999999999993,17,23,23,58.25503658910179,89.65184298453592,74.99999999999997,63.75242167789222,183.37020017880317,149.464,250.88,400.34400000000005,397.7970219534609,0.4680000000000075,99.7662010670823,50.130315178608384,0.11689946645884726,True,True,True,3,全部达标,22419.6,30105.6,168497.40916939877,176.85720000000285,27962.41756276886,64549.326948865855,53.999999999999986,3287.671232876712,316699.1677139102,5864.799402109448,SciPy HiGHS MILP,260886.29645494503,397.79702195346096,0.46800000000000097
风电2-光伏2,2,2,45.0,675.3917391783775,60.72,614.6717391783775,237.3739134270217,354.7978257513559,22.499999999999996,15,20,20,49.45289863062952,73.91621369819916,62.499999999999986,63.07516902246327,179.4702,149.464,250.88,400.34400000000005,278.2719391783776,3.2242000000000077,98.38928521471531,58.798439033782266,0.8053573926423294,True,True,True,3,全部达标,22419.6,30105.6,95564.85285694654,1218.4251800000031,23737.39134270217,53219.673862703385,44.99999999999999,3287.671232876712,227161.36411522882,5048.030313671751,SciPy HiGHS MILP,171348.49286521735,278.271939121106,3.2242000000000006
风电2-光伏2,2,2,36.0,548.7199999344743,60.72,487.9999999344743,159.99999947579465,310.00000045867966,17.999999999999996,8,16,16,33.333333224123884,64.58333342889159,49.999999999999986,68.8888889908177,83.2,149.464,250.88,400.34400000000005,277.33639945744744,128.96039952297315,35.57520556173034,49.45757408321809,32.21239721913483,False,True,False,1,部分达标,22419.6,30105.6,94996.60617423,48734.134979731556,15999.999947579465,46500.00006880195,35.99999999999999,3287.671232876712,164611.34244375658,4572.537290104349,SciPy HiGHS MILP,108798.47119999999,277.3363994574469,128.96039952297318
风电2-光伏3,2,3,72.0,1056.72,60.72,996.0,480.0,480.0,36.0,24,24,24,100.0,100.0,100.0,53.333333333333336,332.0,149.464,85.12,234.584,822.136,0.0,100.00000000000003,22.199258081611024,0.0,True,False,True,2,部分达标,22419.6,10214.400000000001,475474.8554,0.0,48000.0,72000.0,72.0,3287.671232876712,631468.5266328767,8770.396203234399,SciPy HiGHS MILP,595546.8554,822.136,0.0
风电2-光伏3,2,3,63.0,923.6485715147237,60.72,862.9285715147237,351.42857211778914,479.9999993969345,31.5,18,24,24,73.21428585787274,99.99999987436135,87.5,60.952380875801204,198.92857151472367,149.464,85.12,234.584,689.0645715147236,0.0,100.00000000000003,25.39753833162947,0.0,True,False,True,2,部分达标,22419.6,10214.400000000001,368698.3411834143,0.0,35142.857211778915,71999.99990954017,63.0,3287.671232876712,511825.8695376101,8124.220151390637,SciPy HiGHS MILP,475904.19825714285,689.0645714285715,0.0
风电2-光伏3,2,3,54.0,802.5757417240374,60.72,741.8557417240374,318.84593379229835,396.00980793173903,27.000000000000004,16,23,23,66.42623620672883,82.50204331911229,75.00000000000001,58.66811969359096,79.05020024900863,149.464,85.12,234.584,568.4597417240375,0.46800000000000574,99.60099580534047,29.170580149493215,0.19950209732974364,True,False,True,2,部分达标,22419.6,10214.400000000001,272157.94517173705,176.8572000000022,31884.593379229835,59401.47118976086,54.00000000000001,3287.671232876712,399242.8237736044,7393.3856254371185,SciPy HiGHS MILP,363321.1525043956,568.4597417240375,0.46800000000000097
风电2-光伏3,2,3,45.0,669.5043131614295,60.72,608.7843131614296,190.27450529143658,396.0098078699931,22.5,10,23,23,39.64052193571595,82.50204330624857,62.5,70.40174362133209,79.05020018479284,149.464,85.12,234.584,435.38831316142966,0.46800000000000574,99.60099580534047,34.96855739352801,0.19950209732974364,True,True,True,3,全部达标,22419.6,10214.400000000001,191330.359450287,176.8572000000022,19027.450529143658,59401.471180498964,45.0,3287.671232876712,305549.09519280633,6789.979893173474,SciPy HiGHS MILP,269627.423932967,435.3883131614296,0.46800000000000097
风电2-光伏3,2,3,36.0,548.7199999901827,60.72,487.9999999901828,159.99999992146172,310.000000068721,18.0,8,22,22,33.33333331697119,64.58333334765022,50.0,68.88888890416021,79.05019999999999,149.464,85.12,234.584,314.60399999018273,0.4680000000000075,99.60099580534053,42.66584050229418,0.19950209732974436,True,True,True,3,全部达标,22419.6,10214.400000000001,117965.9676155781,176.85720000000285,15999.999992146171,46500.000010308155,36.0,3287.671232876712,216246.78165090916,6006.855045858588,SciPy HiGHS MILP,180325.1104,314.60399999018284,0.46800000000000097
风电2-光伏4,2,4,72.0,1056.72,60.72,996.0,480.0,480.0,36.0,24,24,24,100.0,100.0,100.0,53.333333333333336,332.0,149.464,20.480000000000004,169.94400000000002,886.776,0.0,100.00000000000004,16.082216670451967,0.0,True,False,True,2,部分达标,22419.6,2457.6000000000004,522724.3914000001,0.0,48000.0,72000.0,72.0,3287.671232876712,670961.2626328768,9318.906425456622,SciPy HiGHS MILP,642796.3914,886.776,0.0
风电2-光伏4,2,4,63.0,923.6485715232766,60.72,862.9285715232766,351.4285721862137,479.99999933706295,31.499999999999996,18,24,24,73.21428587212786,99.99999986188811,87.49999999999999,60.952380868198475,198.92857152327662,149.464,20.480000000000004,169.94400000000002,753.7045715232767,0.0,99.9999999999999,18.399205632909627,0.0,True,False,True,2,部分达标,22419.6,2457.6000000000004,415947.8771902772,0.0,35142.85721862137,71999.99990055944,62.99999999999999,3287.671232876712,551318.6055423347,8751.088976862457,SciPy HiGHS MILP,523153.7342571428,753.7045714285713,0.0
风电2-光伏4,2,4,54.0,802.7199999613804,60.72,741.9999999613804,319.9999996910424,395.000000270338,27.0,16,24,24,66.6666666023005,82.29166672298707,75.0,58.51851855856859,78.00000028115146,149.464,20.480000000000004,169.94400000000002,632.7759999613803,0.0,100.00000000000004,21.171018537992847,0.0,True,False,True,2,部分达标,22419.6,2457.6000000000004,318914.79143136693,0.0,31999.99996910424,59250.000040550694,54.0,3287.671232876712,438383.6626738986,8118.2159754425675,SciPy HiGHS MILP,410218.7914,632.7759999613804,0.0
风电2-光伏4,2,4,45.0,674.9562087912087,60.72,614.2362087912088,233.8896703296703,357.84653846153844,22.5,12,22,22,48.72701465201465,74.55136217948719,62.5,63.61716239316239,39.360400000000006,149.464,20.480000000000004,169.94400000000002,506.6960087912088,1.6838000000000002,98.01840606317369,24.929054330997307,0.9907969684131244,True,False,True,2,部分达标,22419.6,2457.6000000000004,235127.42377094037,636.3080200000002,23388.96703296703,53676.980769230766,45.0,3287.671232876712,339766.93478601484,7550.376328578108,SciPy HiGHS MILP,311602.063521978,506.6960087618731,1.6837999999999993
风电2-光伏4,2,4,36.0,548.7199999999999,60.72,487.99999999999994,160.0,310.0,18.0,8,20,20,33.33333333333333,64.58333333333334,50.0,68.88888888888889,35.46040000000001,149.464,20.480000000000004,169.94400000000002,382.13179999999994,3.3558,96.05069905380591,30.359418282548482,1.9746504730970198,True,True,True,3,全部达标,22419.6,2457.6000000000004,159032.66332,1268.1568200000002,16000.0,46500.0,36.0,3287.671232876712,248465.37773287672,6901.816048135464,SciPy HiGHS MILP,220300.50650000002,382.13179927400245,3.355799999999999
风电3-光伏1,3,1,72.0,1056.72,60.72,996.0,480.0,480.0,36.0,24,24,24,100.0,100.0,100.0,53.333333333333336,332.0,271.40000000000003,509.44000000000005,780.8399999999999,402.2482,126.3682,67.63275446954563,61.93426830191535,16.18362276522719,True,True,True,3,全部达标,40710.00000000001,61132.8,202880.10468,47754.54278,48000.0,72000.0,72.0,3287.671232876712,380328.03313287674,5282.333793512177,SciPy HiGHS MILP,275197.56190000003,402.2482,126.36819999999997
风电3-光伏1,3,1,63.0,927.6479945054946,60.72,866.9279945054946,383.4239560439562,452.00403846153847,31.500000000000004,20,24,24,79.87999084249088,94.1675080128205,87.50000000000001,57.39733821733821,240.7842,271.40000000000003,509.44000000000005,780.8399999999999,273.4381945054946,126.6302,67.56564725167767,70.52349639894844,16.217176374161163,True,True,True,3,全部达标,40710.00000000001,61132.8,106904.91635916283,47853.55258,38342.39560439562,67800.60576923077,63.00000000000001,3287.671232876712,270387.836385666,4291.870418820095,SciPy HiGHS MILP,165257.36513626366,273.43819450549466,126.63019999999997
风电3-光伏1,3,1,54.0,798.984010989011,60.72,738.2640109890111,290.1120879120882,421.1519230769229,27.0,16,24,24,60.44001831501837,87.73998397435894,75.0,62.39287749287746,199.3841999999998,271.40000000000003,509.44000000000005,780.8399999999999,223.32619971831215,205.18218872930103,47.445779230238955,72.04872730283162,26.27711038488052,False,True,False,1,部分达标,40710.00000000001,61132.8,76466.89078355007,77538.34912080287,29011.20879120882,63172.78846153844,54.0,3287.671232876712,196297.0101483712,3635.1298175624293,SciPy HiGHS MILP,91166.53890549445,223.32619971831332,205.18218872930103
风电3-光伏1,3,1,45.0,665.9699999125562,60.72,605.2499999125564,161.99999930045126,420.75000061210505,22.499999999999993,9,24,24,33.74999985426068,87.65625012752189,62.49999999999998,74.80000010881868,139.35419987267778,271.40000000000003,509.44000000000005,780.8399999999999,223.32619940328928,338.19619949073297,13.376312819339939,66.46602708341027,43.31184359033003,False,True,False,1,部分达标,40710.00000000001,61132.8,76466.89067568624,127804.343787548,16199.999930045127,63112.50009181576,44.999999999999986,3287.671232876712,133150.51814287587,2958.900403175019,SciPy HiGHS MILP,28020.04689999924,223.32619942197078,338.19619949073297
风电3-光伏1,3,1,36.0,548.7199999397737,60.72,487.9999999397737,159.99999951818927,310.00000042158445,18.0,8,16,16,33.3333332329561,64.58333342116343,50.0,68.88888898257431,103.99999900000074,271.40000000000003,509.44000000000005,780.8399999999999,223.3261995013259,455.4461995615522,-16.655447866797854,59.30051765457104,58.327723933398936,False,True,False,1,部分达标,40710.00000000001,61132.8,76466.89070925399,172113.11881431058,15999.999951818927,46500.00006323767,36.0,3287.671232876712,72020.24314287674,2000.562309524354,SciPy HiGHS MILP,-33110.22810000003,223.32619950132852,455.4461995615522
风电3-光伏2,3,2,72.0,1056.72,60.72,996.0,480.0,480.0,36.0,24,24,24,100.0,100.0,100.0,53.333333333333336,332.0,271.40000000000003,250.88,522.28,538.1664000000001,3.7264000000000053,98.57302596308493,49.07199636611401,0.7134870184575334,True,True,True,3,全部达标,40710.00000000001,30105.6,287056.84836,1408.2065600000021,48000.0,72000.0,72.0,3287.671232876712,479823.91303287674,6664.22101434551,SciPy HiGHS MILP,405720.6418,538.1664,3.7264000000000053
风电3-光伏2,3,2,63.0,928.7548626373627,60.72,868.0348626373628,392.2789010989013,444.2559615384615,31.500000000000007,21,24,24,81.7247710622711,92.55332532051281,87.50000000000003,56.41345543345542,213.60399999999998,271.40000000000003,250.88,522.28,410.20126263736284,3.726399999999998,98.57302596308493,55.833204310497585,0.713487018457532,True,True,True,3,全部达标,40710.00000000001,30105.6,186243.60392593418,1408.2065599999994,39227.89010989013,66638.39423076923,63.000000000000014,3287.671232876712,364867.9529394703,5791.554808563021,SciPy HiGHS MILP,290764.6817065934,410.20126263736273,3.7264000000000017
风电3-光伏2,3,2,54.0,796.3817874948234,60.72,735.6617874948234,269.2942999585862,439.3674875362372,27.000000000000004,16,24,24,56.10297915803879,91.53489323671609,75.00000000000001,65.09147963499811,213.60399999999998,271.40000000000003,250.88,522.28,277.8281874948234,3.726400000000009,98.57302596308493,65.11369397725845,0.713487018457534,True,True,True,3,全部达标,40710.00000000001,30105.6,105840.19808435574,1408.2065600000035,26929.42999585862,65905.12313043558,54.00000000000001,3287.671232876712,271423.8158835267,5026.36696080605,SciPy HiGHS MILP,197320.54463091784,277.828187428871,3.7264000000000017
风电3-光伏2,3,2,45.0,668.8628296703298,60.72,608.1428296703298,185.1426373626375,400.5001923076923,22.500000000000004,10,24,24,38.571382783882804,83.43754006410256,62.500000000000014,71.20003418803418,149.9262,271.40000000000003,250.88,522.28,237.406199646199,90.82336997586924,65.22042966383196,64.50599598078843,17.389785168084025,True,True,True,3,全部达标,40710.00000000001,30105.6,81287.88275885854,34322.15151388099,18514.263736263747,60075.028846153844,45.00000000000001,3287.671232876712,199703.29506027183,4437.851001339374,SciPy HiGHS MILP,125600.0238148351,237.40619964619884,90.82336997586926
风电3-光伏2,3,2,36.0,548.7199999397733,60.72,487.9999999397734,159.99999951818717,310.00000042158626,18.0,8,16,16,33.33333323295566,64.5833334211638,50.0,68.88888898257473,76.01780043844968,271.40000000000003,250.88,522.28,237.40619950132367,210.96619956155033,19.213372305449056,56.73454593829622,40.39331384727547,False,True,False,1,部分达标,40710.00000000001,30105.6,81287.88270925323,79724.12681430987,15999.999951818716,46500.00006323794,36.0,3287.671232876712,138203.02714287673,3838.9729761910203,SciPy HiGHS MILP,64099.75589999998,237.40619950132398,210.96619956155033
风电3-光伏3,3,3,72.0,1056.72,60.72,996.0,480.0,480.0,36.0,24,24,24,100.0,100.0,100.0,53.333333333333336,332.0,271.40000000000003,85.12,356.52000000000004,700.1999999999999,0.0,100.00000000000003,33.73836020894845,0.0,True,True,True,3,全部达标,40710.00000000001,10214.400000000001,405091.809,0.0,48000.0,72000.0,72.0,3287.671232876712,579375.8802328767,8046.887225456621,SciPy HiGHS MILP,525163.809,700.2,0.0
风电3-光伏3,3,3,63.0,923.6485714491351,60.72,862.9285714491352,351.42857159308295,479.99999985605234,31.499999999999993,19,24,24,73.21428574855895,99.9999999700109,87.49999999999997,60.95238093410189,198.92857159884082,271.40000000000003,85.12,356.52000000000004,567.1285714491353,0.0,99.99999999999996,38.599096130322266,0.0,True,True,True,3,全部达标,40710.00000000001,10214.400000000001,298315.2947599788,0.0,35142.857159308296,71999.99997840785,62.999999999999986,3287.671232876712,459733.22313057166,7297.352748104312,SciPy HiGHS MILP,405521.15185714286,567.1285714285714,0.0
风电3-光伏3,3,3,54.0,798.1952197802195,60.72,737.4752197802195,283.8017582417581,426.67346153846154,26.999999999999993,16,24,24,59.12536630036627,88.89030448717948,74.99999999999997,63.210883190883216,113.0104,271.40000000000003,85.12,356.52000000000004,441.67521978021955,3.552713678800501e-15,99.99999999999999,44.66576486115347,9.964977220914676e-16,True,True,True,3,全部达标,40710.00000000001,10214.400000000001,205360.8854945054,1.3425704992187094e-12,28380.175824175807,64001.019230769234,53.999999999999986,3287.671232876712,352008.1517823272,6518.669477450504,SciPy HiGHS MILP,297796.0805494506,441.6752197802197,8.663582671776846e-16
风电3-光伏3,3,3,45.0,665.97,60.72,605.25,162.0,420.74999999999994,22.499999999999996,9,24,24,33.75,87.65624999999999,62.499999999999986,74.79999999999998,113.0104,271.40000000000003,85.12,356.52000000000004,309.45,7.105427357601002e-15,100.0,53.533942970404084,1.9929954441829352e-15,True,True,True,3,全部达标,40710.00000000001,10214.400000000001,125047.28699999998,2.685140998437419e-12,16200.0,63112.49999999999,44.99999999999999,3287.671232876712,258616.8582328767,5747.041294063926,SciPy HiGHS MILP,204404.787,309.4499999888715,4.94600087381951e-15
风电3-光伏3,3,3,36.0,548.7199999236686,60.72,487.9999999236687,159.99999938934968,310.00000053431904,18.0,8,20,20,33.33333320611452,64.58333344464981,50.0,68.88888900762645,87.85419999999999,271.40000000000003,85.12,356.52000000000004,237.4061993679769,45.20619944430818,74.64030099612462,56.73454596132783,12.679849501937667,True,True,True,3,全部达标,40710.00000000001,10214.400000000001,81287.8826635953,17083.422770004065,15999.999938934969,46500.00008014786,36.0,3287.671232876712,180952.53114555078,5026.4591984875215,SciPy HiGHS MILP,126740.45989999999,237.4061993679757,45.206199444308176
风电3-光伏4,3,4,72.0,1056.72,60.72,996.0,480.0,480.0,36.0,24,24,24,100.0,100.0,100.0,53.333333333333336,332.0,271.40000000000003,20.480000000000004,291.88,764.8399999999999,0.0,100.00000000000004,27.621318797789385,0.0,True,False,True,2,部分达标,40710.00000000001,2457.6000000000004,452341.3449999999,0.0,48000.0,72000.0,72.0,3287.671232876712,618868.6162328767,8595.397447678843,SciPy HiGHS MILP,572413.345,764.84,0.0
风电3-光伏4,3,4,63.0,923.6485714285716,60.72,862.9285714285716,351.42857142857156,480.0,31.500000000000004,18,24,24,73.21428571428574,100.0,87.50000000000001,60.952380952380956,198.92857166075976,271.40000000000003,20.480000000000004,291.88,631.7685714285715,0.0,100.00000000000004,31.600763431979377,0.0,True,True,True,3,全部达标,40710.00000000001,2457.6000000000004,345564.8307595625,0.0,35142.85714285716,72000.0,63.00000000000001,3287.671232876712,499225.9591352964,7924.221573576134,SciPy HiGHS MILP,452770.6878571429,631.7685714285716,0.0
风电3-光伏4,3,4,54.0,802.7199999680068,60.72,741.9999999680069,319.99999974405443,395.0000002239525,27.000000000000007,16,24,24,66.66666661334467,82.29166671332344,75.00000000000003,58.518518551696665,78.00000023291057,271.40000000000003,20.480000000000004,291.88,510.8399999680069,0.0,99.99999999999997,36.361371338901876,0.0,True,True,True,3,全部达标,40710.00000000001,2457.6000000000004,248531.74502598497,0.0,31999.999974405444,59250.00003359288,54.000000000000014,3287.671232876712,386291.01626686,7153.537338275185,SciPy HiGHS MILP,339835.745,510.83999996800696,0.0
风电3-光伏4,3,4,45.0,670.4658241758244,60.72,609.7458241758244,197.96659340659363,389.2792307692308,22.500000000000007,10,24,24,41.24304029304034,81.09983974358975,62.50000000000002,69.20519658119656,72.05040000000001,271.40000000000003,20.480000000000004,291.88,378.58582417582437,0.0,100.00000000000003,43.53391171858698,0.0,True,True,True,3,全部达标,40710.00000000001,2457.6000000000004,167040.38660439572,0.0,19796.659340659364,58391.884615384624,45.000000000000014,3287.671232876712,291729.2017933164,6482.871150962586,SciPy HiGHS MILP,245273.93056043956,378.5858241527333,0.0
风电3-光伏4,3,4,36.0,548.72,60.72,488.0,160.0,310.0,18.000000000000004,8,24,24,33.33333333333333,64.58333333333334,50.000000000000014,68.88888888888889,72.0504,271.40000000000003,20.480000000000004,291.88,256.84000000000003,4.440892098500626e-14,100.0,53.19288526024201,1.52147872361951e-14,True,True,True,3,全部达标,40710.00000000001,2457.6000000000004,93091.97300000003,1.6782131240233866e-11,16000.0,46500.0,36.00000000000001,3287.671232876712,202083.24423287672,5613.423450913242,SciPy HiGHS MILP,155627.97299999997,256.83999999152724,0.0
风电4-光伏1,4,1,72.0,1056.72,60.72,996.0,480.0,480.0,36.0,24,24,24,100.0,100.0,100.0,53.333333333333336,332.0,367.484,509.44000000000005,876.924,353.50199999999995,173.70600000000002,60.38288380749074,66.54724051782874,19.80855809625464,True,True,True,3,全部达标,55122.6,61132.8,181417.72280000002,65643.49740000001,48000.0,72000.0,72.0,3287.671232876712,355389.29663287674,4935.962453234399,SciPy HiGHS MILP,235846.2254,353.502,173.706
风电4-光伏1,4,1,63.0,927.4062362637361,60.72,866.6862362637362,381.48989010989004,453.6963461538461,31.499999999999996,20,24,24,79.47706043956042,94.52007211538461,87.49999999999999,57.61223443223442,245.9822,367.484,509.44000000000005,876.924,224.18823626373614,173.70600000000002,60.38288380749073,75.82631779931428,19.80855809625464,True,True,True,3,全部达标,55122.6,61132.8,86099.07170659336,65643.49740000001,38148.989010989004,68054.45192307691,62.99999999999999,3287.671232876712,246265.08647353598,3908.969626564063,SciPy HiGHS MILP,126722.01524065933,224.1882362637362,173.706
风电4-光伏1,4,1,54.0,799.4183241758242,60.72,738.6983241758243,293.58659340659347,418.11173076923075,27.0,15,23,23,61.16387362637364,87.10661057692307,75.0,61.942478632478625,180.44420000000002,367.484,509.44000000000005,876.924,188.9541997183106,266.4598755424864,39.22851340766444,76.3635390878591,30.38574329616778,False,True,False,1,部分达标,55122.6,61132.8,64697.91798354956,100695.18696750561,29358.659340659346,62716.75961538461,54.0,3287.671232876712,175675.22120496462,3253.2448371289743,SciPy HiGHS MILP,56132.14996208787,188.95419971830987,266.4598755424864
风电4-光伏1,4,1,45.0,666.3468956043957,60.72,605.6268956043957,165.01516483516488,418.11173076923075,22.5,9,23,23,34.378159340659344,87.10661057692307,62.5,74.33097435897436,139.0442,367.484,509.44000000000005,876.924,188.95419971831046,399.53130411391476,8.878921294453171,71.64326854904552,45.56053935277342,False,True,False,1,部分达标,55122.6,61132.8,64697.9179835495,150982.8798246484,16501.516483516487,62716.75961538461,45.0,3287.671232876712,112521.3854906789,2500.475233126198,SciPy HiGHS MILP,-7021.685752197856,188.95419971831006,399.5313041139148
风电4-光伏1,4,1,36.0,546.2199999397736,60.72,485.4999999397737,139.99999951818958,327.5000004215841,18.0,7,17,17,29.166666566289496,68.22916675449669,50.0,72.77777787146313,124.80000000000001,367.484,509.44000000000005,876.924,187.3899995013262,518.0939995615524,-18.161664992987422,65.69331047526862,59.080832496493706,False,True,False,1,部分达标,55122.6,61132.8,64162.33582925409,195787.72243431068,13999.999951818958,49125.00006323762,36.0,3287.671232876712,51078.684642876695,1418.8523511910194,SciPy HiGHS MILP,-68464.38660000006,187.38999950132768,518.0939995615526
风电4-光伏2,4,2,72.0,1056.72,60.72,996.0,480.0,480.0,36.0,24,24,24,100.0,100.0,100.0,53.333333333333336,332.0,367.484,250.88,618.364,448.09619999999995,9.740200000000016,96.84968723923127,57.595559845559855,1.5751563803843718,True,True,True,3,全部达标,55122.6,30105.6,240285.61888000002,3680.821580000006,48000.0,72000.0,72.0,3287.671232876712,445192.66853287676,6183.231507401066,SciPy HiGHS MILP,356676.7973,448.0962,9.740200000000009
风电4-光伏2,4,2,63.0,928.0768407272338,60.72,867.3568407272338,386.85472581787116,449.0021149093626,31.499999999999993,21,24,24,80.59473454538983,93.54210727278388,87.49999999999997,57.01614157579209,219.61,367.484,250.88,618.364,319.45304072723377,9.740199999999994,96.84968723923127,65.57903109866282,1.5751563803843682,True,True,True,3,全部达标,55122.6,30105.6,140231.7139377218,3680.8215799999984,38685.472581787115,67350.31723640439,62.999999999999986,3287.671232876712,331165.55340879003,5256.59608585381,SciPy HiGHS MILP,242649.68215164836,319.4530406593405,9.740200000000002
风电4-光伏2,4,2,54.0,800.0889285714285,60.72,739.3689285714283,298.95142857142844,413.41749999999996,26.999999999999996,18,23,23,62.28154761904759,86.12864583333332,74.99999999999999,61.24703703703705,213.89892857142846,367.484,250.88,618.364,203.0342,21.309271428571563,93.1078551052223,74.6235458647677,3.4460724473888455,True,True,True,3,全部达标,55122.6,30105.6,69518.91008000002,8052.7736728571945,29895.142857142844,62012.62499999999,53.99999999999999,3287.671232876712,241943.77549716237,4480.440286984488,SciPy HiGHS MILP,153427.90426428567,203.03419956780903,21.309270996379976
风电4-光伏2,4,2,45.0,667.0174999999999,60.72,606.2974999999999,170.3799999999999,413.4175,22.499999999999993,9,23,23,35.495833333333316,86.12864583333334,62.49999999999998,73.49644444444445,134.16220000000004,367.484,250.88,618.364,203.0341997183092,154.3806997183093,50.068018281041816,69.56088862461492,24.965990859479092,False,True,False,1,部分达标,55122.6,30105.6,69518.90998354906,58340.46642354909,17037.999999999993,62012.625,44.999999999999986,3287.671232876712,178789.93979287666,3973.109773175037,SciPy HiGHS MILP,90274.06854999998,203.0341997183083,154.3806997183093
风电4-光伏2,4,2,36.0,548.7199999397737,60.72,487.9999999397737,159.99999951818938,310.00000042158433,18.0,8,16,16,33.33333323295612,64.5833334211634,50.0,68.88888898257429,72.80000043844773,367.484,250.88,618.364,203.034199501326,272.6781995615523,11.806573616332043,62.99857859680519,44.09671319183398,False,True,False,1,部分达标,55122.6,30105.6,69518.90990925403,103045.09161431062,15999.999951818938,46500.00006323765,36.0,3287.671232876712,117525.6895428767,3264.6024873021306,SciPy HiGHS MILP,29009.818299999977,203.0341995013254,272.6781995615523
风电4-光伏3,4,3,72.0,1056.72,60.72,996.0,480.0,480.0,36.0,24,24,24,100.0,100.0,100.0,53.333333333333336,332.0,367.484,85.12,452.60400000000004,604.116,0.0,100.0,42.831024301612544,0.0,True,True,True,3,全部达标,55122.6,10214.400000000001,353873.3674,0.0,48000.0,72000.0,72.0,3287.671232876712,542570.0386328767,7535.694981012177,SciPy HiGHS MILP,473945.3674,604.116,0.0
风电4-光伏3,4,3,63.0,923.6485714927105,60.72,862.9285714927105,351.42857194168596,479.9999995510246,31.499999999999993,19,24,24,73.21428582118457,99.99999990646346,87.49999999999997,60.95238089536822,198.92857149271057,367.484,85.12,452.60400000000004,471.0445714927106,0.0,99.99999999999997,49.001753910423496,0.0,True,True,True,3,全部达标,55122.6,10214.400000000001,247096.85316575094,0.0,35142.857194168595,71999.99993265369,62.999999999999986,3287.671232876712,422927.38152545,6713.133040086507,SciPy HiGHS MILP,354302.7102571429,471.0445714285712,0.0
风电4-光伏3,4,3,54.0,797.402912157375,60.72,736.682912157375,277.46329725900154,432.2196148983735,26.999999999999993,19,24,24,57.80485359562532,90.0457531038278,74.99999999999997,64.03253554049981,123.09040000000002,367.484,85.12,452.60400000000004,344.79891215737496,7.105427357601002e-15,100.0,56.75976261178669,1.569899372873638e-15,True,True,True,3,全部达标,55122.6,10214.400000000001,155626.79624438958,2.685140998437419e-12,27746.329725900152,64832.942234756025,53.999999999999986,3287.671232876712,316884.7394379225,5868.235915517083,SciPy HiGHS MILP,248260.06818021977,344.7989120645395,1.6488092942250447e-15
风电4-光伏3,4,3,45.0,668.0907488358939,60.72,607.3707488358939,178.96599068715128,405.90475814874264,22.5,15,24,24,37.28458139315652,84.56349128098805,62.5,72.16084589310981,123.0904,367.484,85.12,452.60400000000004,215.4867488358939,1.0658141036401503e-14,100.0,67.74588643663066,2.3548490593104572e-15,True,True,True,3,全部达标,55122.6,10214.400000000001,77082.58824292196,4.027711497656128e-12,17896.599068715128,60885.7137223114,45.0,3287.671232876712,224534.5722668252,4989.6571614850045,SciPy HiGHS MILP,155909.90101835752,215.48674878378236,2.955370990666604e-15
风电4-光伏3,4,3,36.0,548.7199999397733,60.72,487.99999993977315,159.99999951818603,310.0000004215872,18.0,8,17,17,33.333333232955425,64.58333342116399,50.0,68.88888898257494,73.02780043845067,367.484,85.12,452.60400000000004,203.03419950132255,106.91819956154932,52.75419591450835,62.99857859680578,23.62290204274582,False,True,False,1,部分达标,55122.6,10214.400000000001,69518.90990925283,40404.38761430949,15999.999951818603,46500.000063238076,36.0,3287.671232876712,160275.19354287675,4452.088709524354,SciPy HiGHS MILP,91650.52229999998,203.0341995013241,106.91819956154934
风电4-光伏4,4,4,72.0,1056.72,60.72,996.0,480.0,480.0,36.0,24,24,24,100.0,100.0,100.0,53.333333333333336,332.0,367.484,20.480000000000004,387.964,668.7560000000001,0.0,99.99999999999999,36.71398289045348,0.0,True,True,True,3,全部达标,55122.6,2457.6000000000004,401122.9034,0.0,48000.0,72000.0,72.0,3287.671232876712,582062.7746328767,8084.205203234399,SciPy HiGHS MILP,521194.9034,668.756,0.0
风电4-光伏4,4,4,63.0,923.6485714285711,60.72,862.9285714285712,351.4285714285713,480.0,31.499999999999993,18,24,24,73.2142857142857,100.0,87.49999999999997,60.952380952380956,198.92857142857127,367.484,20.480000000000004,387.964,535.6845714285712,0.0,99.99999999999999,42.003421214624005,0.0,True,True,True,3,全部达标,55122.6,2457.6000000000004,294346.3891142856,0.0,35142.85714285713,72000.0,62.999999999999986,3287.671232876712,462420.1174900194,7340.001864920943,SciPy HiGHS MILP,401552.24625714286,535.6845714285711,0.0
风电4-光伏4,4,4,54.0,802.1526373626373,60.72,741.4326373626373,315.4610989010988,398.97153846153844,26.999999999999996,16,24,24,65.72106227106225,83.11907051282051,74.99999999999999,59.10689458689461,82.13040000000001,367.484,20.480000000000004,387.964,414.1886373626372,0.0,100.00000000000003,48.3653586523844,0.0,True,True,True,3,全部达标,55122.6,2457.6000000000004,197774.11533406586,0.0,31546.10989010988,59845.730769230766,53.99999999999999,3287.671232876712,350087.8272262832,6483.107911597837,SciPy HiGHS MILP,289219.95599340665,414.18863736263717,0.0
风电4-光伏4,4,4,45.0,669.081208845917,60.72,608.361208845917,186.88967076733616,398.9715380785808,22.499999999999996,15,24,24,38.93534807652836,83.11907043303766,62.499999999999986,70.92827343619214,82.13040000000001,367.484,20.480000000000004,387.964,281.11720884591693,0.0,100.00000000000003,57.98459064022891,0.0,True,True,True,3,全部达标,55122.6,2457.6000000000004,116946.52965300996,0.0,18688.967076733614,59845.730711787124,44.99999999999999,3287.671232876712,256394.09867440743,5697.6466372090545,SciPy HiGHS MILP,195526.22742197805,281.11720879120867,0.0
风电4-光伏4,4,4,36.0,548.7199999300904,60.72,487.9999999300905,159.9999994407232,310.00000048936727,18.000000000000004,8,18,18,33.33333321681734,64.58333343528486,50.000000000000014,68.88888899763717,63.958200508941935,367.484,20.480000000000004,387.964,203.03419942114851,42.27819949105806,78.20509145639384,62.998578610763964,10.89745427180307,True,True,True,3,全部达标,55122.6,2457.6000000000004,69518.90988180124,15976.931587670842,15999.99994407232,46500.00007340509,36.00000000000001,3287.671232876712,176945.84954448452,4915.162487346792,SciPy HiGHS MILP,116077.97830000002,203.0341980961,42.278199491058075
风电5-光伏1,5,1,72.0,1056.72,60.72,996.0,480.0,480.0,36.0,24,24,24,100.0,100.0,100.0,53.333333333333336,332.0,309.98,509.44000000000005,819.4200000000001,395.9442,158.6442,61.27890459105221,62.53083125141949,19.360547704473895,True,True,True,3,全部达标,46497.0,61132.8,201792.07508,59951.64318000001,48000.0,72000.0,72.0,3287.671232876712,372829.90313287673,5178.193099067732,SciPy HiGHS MILP,261912.4319,395.9442,158.64419999999998
风电5-光伏1,5,1,63.0,927.5685989010988,60.72,866.8485989010989,382.78879120879117,452.5598076923077,31.499999999999996,21,24,24,79.74766483516483,94.28329326923077,87.49999999999999,57.46791208791209,241.3622,309.98,509.44000000000005,819.4200000000001,266.7927989010989,158.6442,61.278904591052196,71.23740505907907,19.360547704473895,True,True,True,3,全部达标,46497.0,61132.8,105671.14305252745,59951.64318000001,38278.879120879115,67883.97115384616,62.99999999999999,3287.671232876712,262862.8213801294,4172.42573619253,SciPy HiGHS MILP,151945.35014725276,266.79279890109893,158.64419999999998
风电5-光伏1,5,1,54.0,798.5584615384615,60.72,737.8384615384615,286.7076923076923,424.13076923076926,27.0,15,24,24,59.73076923076923,88.36057692307693,75.0,62.834188034188045,199.9622,309.98,509.44000000000005,819.4200000000001,212.75019971831426,233.6117381798527,42.981196900282455,73.3582185944858,28.509401549858765,False,True,False,1,部分达标,46497.0,61132.8,72845.6683835508,88281.87585816634,28670.76923076923,63619.61538461539,54.0,3287.671232876712,187825.64837364582,3478.2527476601076,SciPy HiGHS MILP,76908.1771307692,212.75019971831202,233.61173817985272
风电5-光伏1,5,1,45.0,665.7199999397733,60.72,604.9999999397733,159.9999995181868,422.50000042158655,22.5,8,24,24,33.33333323295558,88.02083342116387,62.5,75.11111118605983,137.8622,309.98,509.44000000000005,819.4200000000001,212.75019950132332,366.45019956155,10.558639144382607,68.04208983948651,44.72068042780869,False,True,False,1,部分达标,46497.0,61132.8,72845.6683092531,138481.53041430976,15999.99995181868,63375.00006323798,45.0,3287.671232876712,124701.60914287672,2771.146869841705,SciPy HiGHS MILP,13784.137899999945,212.75019913479008,366.45019956155
风电5-光伏1,5,1,36.0,548.7199999397733,60.72,487.9999999397733,159.99999951818677,310.00000042158655,18.0,8,16,16,33.333333232955574,64.58333342116387,50.0,68.8888889825748,79.18200000000002,309.98,509.44000000000005,819.4200000000001,212.7501995013233,483.45019956155,-17.998144922396328,61.22791231872825,58.99907246119815,False,True,False,1,部分达标,46497.0,61132.8,72845.66830925309,182695.83041430975,15999.999951818678,46500.00006323798,36.0,3287.671232876712,63603.30914287673,1766.7585873021314,SciPy HiGHS MILP,-47314.16210000004,212.75019950132358,483.45019956155
风电5-光伏2,5,2,72.0,1056.72,60.72,996.0,480.0,480.0,36.0,24,24,24,100.0,100.0,100.0,53.333333333333336,332.0,309.98,250.88,560.8599999999999,505.7104,9.850400000000008,96.48739435866351,52.14338708456354,1.756302820668261,True,True,True,3,全部达标,46497.0,30105.6,268215.21396,3722.466160000003,48000.0,72000.0,72.0,3287.671232876712,464455.01903287676,6450.7641532344,SciPy HiGHS MILP,384564.7478,505.7104,9.850400000000008
风电5-光伏2,5,2,63.0,928.711456119928,60.72,867.991456119928,391.93164895942493,444.559807160503,31.499999999999993,21,24,24,81.65242686654686,92.61662649177146,87.49999999999997,56.452039004508336,223.50400000000002,309.98,250.88,560.8599999999999,377.7018561199279,9.850400000000008,96.48739435866351,59.33054840327564,1.756302820668261,True,True,True,3,全部达标,46497.0,30105.6,169306.10440724422,3722.466160000003,39193.16489594249,66683.97107407545,62.999999999999986,3287.671232876712,351414.04545013886,5578.000721430775,SciPy HiGHS MILP,271523.7741901098,377.7018560439558,9.850400000000011
风电5-光伏2,5,2,54.0,799.1516183574878,60.72,738.4316183574878,291.45294685990336,419.97867149758434,26.999999999999993,17,24,24,60.71936392914653,87.49555656199674,74.99999999999997,62.21906244408658,223.50400000000002,309.98,250.88,560.8599999999999,248.14201835748776,9.850400000000008,96.48739435866351,68.94931917081027,1.756302820668261,True,True,True,3,全部达标,46497.0,30105.6,90611.45895033806,3722.466160000003,29145.294685990335,62996.80072463765,53.999999999999986,3287.671232876712,258975.35943384276,4795.839989515607,SciPy HiGHS MILP,179085.0882009662,248.14201834773772,9.850400000000011
风电5-光伏2,5,2,45.0,669.0076373626371,60.72,608.2876373626372,186.30109890109875,399.48653846153843,22.499999999999993,10,24,24,38.812728937728906,83.22636217948717,62.49999999999998,71.01982905982906,156.7638376764845,309.98,250.88,560.8599999999999,226.8301996861527,118.68256232351548,57.678364538916824,66.09452762297856,21.16081773054158,False,True,False,1,部分达标,46497.0,30105.6,77666.66037253867,44850.140302056505,18630.109890109874,59922.980769230766,44.999999999999986,3287.671232876712,191304.88196269952,4251.2195991711005,SciPy HiGHS MILP,111414.61071868129,226.83019968615278,118.68256232351548
风电5-光伏2,5,2,36.0,548.7199999397737,60.72,487.9999999397737,159.99999951818938,310.00000042158433,18.0,8,16,16,33.33333323295612,64.5833334211634,50.0,68.88888898257429,72.80000043844773,309.98,250.88,560.8599999999999,226.830199501326,238.9701995615523,14.78436702151971,58.661940602452525,42.60781648924016,False,True,False,1,部分达标,46497.0,30105.6,77666.66030925402,90306.83841431062,15999.999951818938,46500.00006323765,36.0,3287.671232876712,129786.0931428767,3605.1692539687974,SciPy HiGHS MILP,49895.82189999998,226.83019950132592,238.97019956155228
风电5-光伏3,5,3,72.0,1056.72,60.72,996.0,480.0,480.0,36.0,24,24,24,100.0,100.0,100.0,53.333333333333336,332.0,309.98,85.12,395.1,661.62,0.0,100.0,37.38928003633886,0.0,True,True,True,3,全部达标,46497.0,10214.400000000001,381336.277,0.0,48000.0,72000.0,72.0,3287.671232876712,561407.3482328767,7797.324281012177,SciPy HiGHS MILP,501408.277,661.62,0.0
风电5-光伏3,5,3,63.0,923.6485714285714,60.72,862.9285714285713,351.4285714285714,480.0,31.5,20,24,24,73.21428571428571,100.0,87.5,60.952380952380956,198.92857142857142,309.98,85.12,395.1,528.5485714285714,0.0,99.99999999999997,42.77600942844681,0.0,True,True,True,3,全部达标,46497.0,10214.400000000001,274559.76271428564,0.0,35142.85714285714,72000.0,63.0,3287.671232876712,441764.69109001954,7012.137953809834,SciPy HiGHS MILP,381765.61985714285,528.5485714285713,0.0
风电5-光伏3,5,3,54.0,796.8406044730194,60.72,736.1206044730194,272.96483578415604,436.1557686888634,26.999999999999993,17,24,24,56.867674121699174,90.86578514351321,74.99999999999997,64.61566943538718,129.0344,309.98,85.12,395.1,401.7406044730194,0.0,100.0,49.58331663599076,0.0,True,True,True,3,全部达标,46497.0,10214.400000000001,183907.24015691198,0.0,27296.483578415602,65423.36530332951,53.999999999999986,3287.671232876712,336680.16027153376,6234.817782806181,SciPy HiGHS MILP,276681.089010989,401.74060439560435,0.0
风电5-光伏3,5,3,45.0,667.2142512592734,60.72,606.4942512592734,171.954010074187,412.0402411850864,22.5,13,24,24,35.82375209878896,85.84171691355968,62.5,73.25159843290425,129.0344,309.98,85.12,395.1,272.11425125927343,0.0,99.99999999999999,59.216361049588514,0.0,True,True,True,3,全部达标,46497.0,10214.400000000001,105172.19321488267,0.0,17195.401007418703,61806.03617776296,45.0,3287.671232876712,244217.70163294105,5427.060036287579,SciPy HiGHS MILP,184218.63038164246,272.11425119770007,0.0
风电5-光伏3,5,3,36.0,548.7199999322236,60.72,487.9999999322236,159.9999994577886,310.000000474435,18.0,8,17,17,33.33333322037262,64.58333343217396,50.0,68.88888899431889,88.93380049341246,309.98,85.12,395.1,226.83019943881118,73.21019950658754,62.9409265975259,58.66194061327662,18.52953670123704,True,True,True,3,全部达标,46497.0,10214.400000000001,77666.66028784894,27666.134393539436,15999.999945778858,46500.000071165254,36.0,3287.671232876712,172535.59714413033,4792.655476225842,SciPy HiGHS MILP,112536.5259,226.83019943880913,73.21019950658756
风电5-光伏4,5,4,72.0,1056.72,60.72,996.0,480.0,480.0,36.0,24,24,24,100.0,100.0,100.0,53.333333333333336,332.0,309.98,20.480000000000004,330.4599999999999,726.26,0.0,100.00000000000004,31.272238625179792,0.0,True,True,True,3,全部达标,46497.0,2457.6000000000004,428585.813,0.0,48000.0,72000.0,72.0,3287.671232876712,600900.0842328767,8345.834503234399,SciPy HiGHS MILP,548657.813,726.26,0.0
风电5-光伏4,5,4,63.0,923.6485715062353,60.72,862.9285715062354,351.4285720498828,479.9999994563525,31.5,24,24,24,73.21428584372558,99.9999998867401,87.5,60.95238088334634,198.9285715062353,309.98,20.480000000000004,330.4599999999999,593.1885715062353,0.0,100.0,35.77767672623625,0.0,True,True,True,3,全部达标,46497.0,2457.6000000000004,321809.2987766032,0.0,35142.85720498828,71999.99991845287,63.0,3287.671232876712,481257.427132921,7639.006779887635,SciPy HiGHS MILP,429015.1558571429,593.1885714285713,0.0
风电5-光伏4,5,4,54.0,801.3361538461537,60.72,740.6161538461537,308.92923076923057,404.68692307692305,26.999999999999993,16,24,24,64.36025641025637,84.30977564102562,74.99999999999997,59.95361823361824,88.0744,309.98,20.480000000000004,330.4599999999999,470.87615384615367,3.552713678800501e-15,100.00000000000004,41.23862356813668,1.0750813044848096e-15,True,True,True,3,全部达标,46497.0,2457.6000000000004,225900.17284615373,1.3425704992187094e-12,30892.923076923056,60703.03846153846,53.999999999999986,3287.671232876712,369792.4056174919,6848.007511435036,SciPy HiGHS MILP,317550.13438461535,470.87615384615384,0.0
风电5-光伏4,5,4,45.0,668.2647253373602,60.72,607.5447253373602,180.35780269888278,404.6869226384774,22.499999999999996,16,24,24,37.57454222893391,84.3097755496828,62.499999999999986,71.94434180239601,88.0744,309.98,20.480000000000004,330.4599999999999,337.80472533736025,3.552713678800501e-15,100.00000000000003,49.45046288851678,1.0750813044848096e-15,True,True,True,3,全部达标,46497.0,2457.6000000000004,145072.5871699126,1.3425704992187094e-12,18035.780269888277,60703.03839577161,44.99999999999999,3287.671232876712,276098.6770684492,6135.526157076649,SciPy HiGHS MILP,223856.4058131868,337.8047252536503,0.0
风电5-光伏4,5,4,36.0,548.7199999175127,60.72,487.9999999175127,159.99999934010097,310.0000005774117,18.000000000000004,8,23,23,33.33333319585437,64.58333345362743,50.000000000000014,68.88888901720259,82.8124,309.98,20.480000000000004,330.4599999999999,226.8301993170045,8.570199399491809,94.81316988471117,58.66194063436666,2.5934150576444384,True,True,True,3,全部达标,46497.0,2457.6000000000004,77666.66024614235,3238.678353067955,15999.999934010097,46500.000086611755,36.00000000000001,3287.671232876712,189206.25314657294,5255.729254071471,SciPy HiGHS MILP,136963.9818999999,226.83019931700358,8.570199399491804
风电6-光伏1,6,1,72.0,1056.72,60.72,996.0,480.0,480.0,36.0,24,24,24,100.0,100.0,100.0,53.333333333333336,332.0,206.32,509.44000000000005,715.76,431.7862,90.8262,74.62104616072426,59.13901506548566,12.689476919637869,True,True,True,3,全部达标,30948.0,61132.8,215826.12587999998,34323.220980000006,48000.0,72000.0,72.0,3287.671232876712,396943.3761328767,5513.102446289955,SciPy HiGHS MILP,301574.90489999996,431.7862,90.8262
风电6-光伏1,6,1,63.0,927.8004670865096,60.72,867.0804670865095,384.64373669207646,450.9367303944331,31.5,21,24,24,80.13411181084926,93.9451521655069,87.5,57.26180703421373,239.6742,206.32,509.44000000000005,715.76,302.8666670865095,90.8262,74.62104616072426,67.35648689231908,12.689476919637869,True,True,True,3,全部达标,30948.0,61132.8,119516.87058834588,34323.220980000006,38464.37366920765,67640.50955916496,63.0,3287.671232876712,286730.0040695952,4551.26990586659,SciPy HiGHS MILP,191361.53281758237,302.8666670329669,90.8262
风电6-光伏1,6,1,54.0,798.6738461538461,60.72,737.9538461538459,287.63076923076915,423.3230769230769,26.999999999999996,15,24,24,59.9230769230769,88.19230769230768,74.99999999999999,62.71452991452991,215.1022464778326,206.32,509.44000000000005,715.76,243.18619967601342,160.2723535221674,55.21617482894619,69.5512503824785,22.39191258552691,False,True,False,1,部分达标,30948.0,61132.8,83266.95476906699,60566.92239602707,28763.076923076915,63498.46153846153,53.99999999999999,3287.671232876712,210384.04206745507,3896.0007790269456,SciPy HiGHS MILP,115015.57082307682,243.1861996760129,160.2723535221674
风电6-光伏1,6,1,45.0,665.7199999397733,60.72,604.9999999397734,159.9999995181881,422.5000004215853,22.499999999999993,8,24,24,33.33333323295585,88.0208334211636,62.49999999999998,75.11111118605962,136.1742,206.32,509.44000000000005,715.76,243.1861995013246,293.22619956155125,18.06577636035786,63.47019775230949,40.96711181982107,False,True,False,1,部分达标,30948.0,61132.8,83266.95470925354,110810.18081431022,15999.99995181881,63375.00006323779,44.999999999999986,3287.671232876712,147245.24514287664,3272.116558730592,SciPy HiGHS MILP,51876.77389999995,243.18619950132225,293.22619956155125
风电6-光伏1,6,1,36.0,548.7199998878677,60.72,487.9999998878677,159.99999910294315,310.0000007849246,17.999999999999993,8,16,16,33.33333314644649,64.5833334968593,49.99999999999998,68.88888906331661,93.6000008163216,206.32,509.44000000000005,715.76,243.18619907154613,410.22619918367843,-14.626746167340562,55.68118546412708,57.313373083670285,False,True,False,1,部分达标,30948.0,61132.8,83266.9545620974,155024.48067151208,15999.999910294315,46500.000117738695,35.999999999999986,3287.671232876712,86146.94515149505,2392.9706986526403,SciPy HiGHS MILP,-9221.526100000043,243.1861995013231,410.22619942645014
风电6-光伏2,6,2,72.0,1056.72,60.72,996.0,480.0,480.0,36.0,24,24,24,100.0,100.0,100.0,53.333333333333336,332.0,206.32,250.88,457.20000000000005,599.52,0.0,100.0,43.26595503066092,0.0,True,True,True,3,全部达标,30948.0,30105.6,322227.237,0.0,48000.0,72000.0,72.0,3287.671232876712,506640.5082328767,7036.6737254566215,SciPy HiGHS MILP,442299.23699999996,599.52,0.0
风电6-光伏2,6,2,63.0,928.114710114319,60.72,867.394710114319,387.15768091455277,448.73702919976625,31.5,21,24,24,80.65785019053183,93.48688108328463,87.5,56.98247989838302,203.39471036775697,206.32,250.88,457.20000000000005,470.91471011431906,3.552713678800501e-15,99.99999999999997,49.261152206464345,7.770589848645014e-16,True,True,True,3,全部达标,30948.0,30105.6,219034.35244514997,1.3425704992187094e-12,38715.76809145528,67310.55437996493,63.0,3287.671232876712,389464.9461494469,6181.983272213442,SciPy HiGHS MILP,325123.67488405795,470.91471011431895,0.0
风电6-光伏2,6,2,54.0,795.8718956689029,60.72,735.1518956689029,265.2151653512235,442.93673031767935,26.999999999999996,16,24,24,55.253159448171566,92.27848548284986,74.99999999999999,65.62025634335991,197.3624,206.32,250.88,457.20000000000005,338.67189566890283,3.552713678800501e-15,100.0,57.446431076164494,7.770589848645014e-16,True,True,True,3,全部达标,30948.0,30105.6,137533.7664292916,1.3425704992187094e-12,26521.51653512235,66440.5095476519,53.99999999999999,3287.671232876712,294891.0637449426,5460.945624906344,SciPy HiGHS MILP,230549.792489011,338.6718955826907,0.0
风电6-光伏2,6,2,45.0,669.6232692307691,60.72,608.9032692307691,191.22615384615375,395.1771153846153,22.499999999999993,11,24,24,39.83878205128203,82.32856570512818,62.49999999999998,70.25370940170941,160.17326965214,206.32,250.88,457.20000000000005,257.2661995786291,44.84293034786002,80.38367001405948,61.580457042037374,9.808164992970257,True,True,True,3,全部达标,30948.0,30105.6,88087.9467357226,16946.1433784563,19122.615384615376,59276.5673076923,44.999999999999986,3287.671232876712,213927.25728245068,4753.9390507211265,SciPy HiGHS MILP,149585.98603461537,257.26619957862886,44.84293034786002
风电6-光伏2,6,2,36.0,548.7199999397735,60.72,487.99999993977355,159.99999951818842,310.0000004215851,18.0,8,16,16,33.33333323295592,64.58333342116357,50.0,68.88888898257447,97.98980043844854,206.32,250.88,457.20000000000005,257.266199501325,165.74619956155146,27.4951008042207,53.1152136737203,36.252449597889644,False,True,False,1,部分达标,30948.0,30105.6,88087.94670925368,62635.4888143103,15999.999951818842,46500.00006323777,36.0,3287.671232876712,152329.72914287672,4231.381365079909,SciPy HiGHS MILP,87988.45789999998,257.26619950132664,165.74619956155146
风电6-光伏3,6,3,72.0,1056.72,60.72,996.0,480.0,480.0,36.0,24,24,24,100.0,100.0,100.0,53.333333333333336,332.0,206.32,85.12,291.44,765.28,0.0,100.00000000000003,27.579680520856993,0.0,True,False,True,2,部分达标,30948.0,10214.400000000001,443252.261,0.0,48000.0,72000.0,72.0,3287.671232876712,607774.3322328768,8441.310169901066,SciPy HiGHS MILP,563324.261,765.28,0.0
风电6-光伏3,6,3,63.0,923.648571428571,60.72,862.928571428571,351.4285714285712,479.99999999999983,31.499999999999986,18,24,24,73.21428571428567,99.99999999999997,87.49999999999996,60.952380952380956,198.92857165610133,206.32,85.12,291.44,632.2085714285711,0.0,99.99999999999997,31.55312626632889,0.0,True,True,True,3,全部达标,30948.0,10214.400000000001,336475.74675865384,0.0,35142.85714285712,71999.99999999997,62.99999999999997,3287.671232876712,488131.6751343877,7748.121827529963,SciPy HiGHS MILP,443681.60385714273,632.208571428571,0.0
风电6-光伏3,6,3,54.0,800.6537362637359,60.72,739.9337362637359,303.46989010988983,409.46384615384613,26.99999999999999,16,24,24,63.22289377289372,85.30496794871794,74.99999999999997,60.661310541310556,93.0424,206.32,85.12,291.44,509.21373626373594,3.552713678800501e-15,100.0,36.40025479179172,1.2190206144662712e-15,True,True,True,3,全部达标,30948.0,10214.400000000001,241120.88040659323,1.3425704992187094e-12,30346.989010988982,61419.57692307692,53.99999999999998,3287.671232876712,377391.51757353585,6988.731806917331,SciPy HiGHS MILP,332941.4463406594,509.2137362323914,0.0
风电6-光伏3,6,3,45.0,667.5823077592487,60.72,606.8623077592488,174.89846207399202,409.46384568525673,22.49999999999999,9,24,24,36.43717959874834,85.30496785109514,62.499999999999964,72.7935725662679,93.0424,206.32,85.12,291.44,376.1423077592488,3.552713678800501e-15,99.99999999999996,43.65604010361259,1.2190206144662712e-15,True,True,True,3,全部达标,30948.0,10214.400000000001,160293.29473296768,1.3425704992187094e-12,17489.8462073992,61419.57685278851,44.99999999999998,3287.671232876712,283697.7890260321,6304.395311689602,SciPy HiGHS MILP,239247.71776923075,376.1423076923074,0.0
风电6-光伏3,6,3,36.0,548.72,60.72,488.0,159.99999999999997,310.0,18.0,8,24,24,33.33333333333333,64.58333333333334,50.0,68.88888888888889,93.04239999999999,206.32,85.12,291.44,257.28,7.105427357601002e-15,100.00000000000003,53.112698644117216,2.4380412289325425e-15,True,True,True,3,全部达标,30948.0,10214.400000000001,88096.32899999998,2.685140998437419e-12,15999.999999999996,46500.0,36.0,3287.671232876712,195082.4002328767,5418.955562024353,SciPy HiGHS MILP,150632.329,257.27999999179923,0.0
风电6-光伏4,6,4,72.0,1056.72,60.72,996.0,480.0,480.0,36.0,24,24,24,100.0,100.0,100.0,53.333333333333336,332.0,206.32,20.480000000000004,226.8,829.92,0.0,100.00000000000003,21.462639109697935,0.0,True,False,True,2,部分达标,30948.0,2457.6000000000004,490501.797,0.0,48000.0,72000.0,72.0,3287.671232876712,647267.0682328767,8989.820392123287,SciPy HiGHS MILP,610573.797,829.92,0.0
风电6-光伏4,6,4,63.0,923.648571428571,60.72,862.9285714285711,351.4285714285711,479.99999999999994,31.499999999999986,18,24,24,73.21428571428564,99.99999999999999,87.49999999999996,60.95238095238097,198.92857168033177,206.32,20.480000000000004,226.8,696.848571428571,0.0,100.00000000000003,24.554793567126655,0.0,True,False,True,2,部分达标,30948.0,2457.6000000000004,383725.28276337875,0.0,35142.85714285711,71999.99999999999,62.99999999999997,3287.671232876712,527624.4111391125,8374.990653001787,SciPy HiGHS MILP,490931.1398571428,696.8485714285711,0.0
风电6-光伏4,6,4,54.0,802.7199999644133,60.72,741.9999999644133,319.9999997153092,395.0000002491042,26.999999999999986,16,24,24,66.66666660735608,82.29166671856338,74.99999999999996,58.51851855542286,78.00000025906841,206.32,20.480000000000004,226.8,575.9199999644134,0.0,99.99999999999997,28.25393661675985,0.0,True,False,True,2,部分达标,30948.0,2457.6000000000004,286692.197028903,0.0,31999.999971530917,59250.00003736563,53.99999999999997,3287.671232876712,414689.46827067627,7679.434597605116,SciPy HiGHS MILP,377996.197,575.9199999644135,0.0
风电6-光伏4,6,4,45.0,672.8734889845457,60.72,612.1534889845457,217.22791187636855,372.42557710817727,22.49999999999999,11,24,24,45.25581497424345,77.58866189753692,62.499999999999964,66.20899148589821,54.5226001925044,206.32,20.480000000000004,226.8,446.07348898454575,0.0,99.99999999999997,33.70618752453317,0.0,True,True,True,3,全部达标,30948.0,2457.6000000000004,203245.33324675148,0.0,21722.791187636856,55863.83656622659,44.99999999999998,3287.671232876712,317570.23223349167,7057.1162718553705,SciPy HiGHS MILP,280876.96097252745,446.07348898454575,0.0
风电6-光伏4,6,4,36.0,548.7199999999998,60.72,487.9999999999998,160.0,309.9999999999998,17.999999999999993,8,24,24,33.33333333333333,64.58333333333329,49.99999999999998,68.88888888888887,54.5226,206.32,20.480000000000004,226.8,321.9199999999998,3.552713678800501e-15,100.0,41.33255576614668,1.5664522393300268e-15,True,True,True,3,全部达标,30948.0,2457.6000000000004,127834.50399999987,1.3425704992187094e-12,16000.0,46499.99999999996,35.999999999999986,3287.671232876712,227063.77523287656,6307.3270898021265,SciPy HiGHS MILP,190370.50399999996,321.91999998963547,0.0
