运行模式,场景,风电场景,光伏场景,时段序号(h),时段,常规负荷功率(MW),风电功率(MW),光伏功率(MW),碱性电解槽功率(MW),PEM电解槽功率(MW),合成氨装置功率(MW),常规负荷失供功率(MW),弃电功率(MW),储能充电功率(MW),储能放电功率(MW),储能电量(MWh),储能SOC(%),购电功率(MW),售电功率(MW)
离网无储能,风电1-光伏1,1,1,1,0:00-1:00,1.3698000000000001,9.776,0.0,0.0,8.082884615384616,0.32331538461538456,0.0,-0.0,0.0,0.0,0.0,0.0,0.0,0.0
离网无储能,风电1-光伏1,1,1,2,1:00-2:00,1.0997999999999999,10.904,0.0,0.0,9.427115384615384,0.37708461538461535,0.0,-0.0,0.0,0.0,0.0,0.0,0.0,0.0
离网无储能,风电1-光伏1,1,1,3,2:00-3:00,0.7998000000000001,15.152000000000001,0.0,0.0,13.80019230769231,0.5520076923076923,0.0,-0.0,0.0,0.0,0.0,0.0,0.0,0.0
离网无储能,风电1-光伏1,1,1,4,3:00-4:00,0.99,13.312,0.0,0.0,11.848076923076922,0.4739230769230769,0.0,-0.0,0.0,0.0,0.0,0.0,0.0,0.0
离网无储能,风电1-光伏1,1,1,5,4:00-5:00,1.1802000000000001,15.072000000000001,0.0,0.0,13.3575,0.5343,0.0,-0.0,0.0,0.0,0.0,0.0,0.0,0.0
离网无储能,风电1-光伏1,1,1,6,5:00-6:00,1.6301999999999999,18.724,0.0,0.0,16.436346153846156,0.6574538461538463,0.0,-0.0,0.0,0.0,0.0,0.0,0.0,0.0
离网无储能,风电1-光伏1,1,1,7,6:00-7:00,2.5002,9.628,14.08,2.0,18.401730769230767,0.8060692307692306,-0.0,0.0,0.0,0.0,0.0,0.0,0.0,0.0
离网无储能,风电1-光伏1,1,1,8,7:00-8:00,3.3701999999999996,22.804000000000002,25.6,20.0,20.0,1.5,0.0,3.5338000000000065,0.0,0.0,0.0,0.0,0.0,0.0
离网无储能,风电1-光伏1,1,1,9,8:00-9:00,4.0098,17.852,37.12,20.0,20.0,1.5,0.0,9.462199999999996,0.0,0.0,0.0,0.0,0.0,0.0
离网无储能,风电1-光伏1,1,1,10,9:00-10:00,4.199999999999999,14.328000000000001,46.08,20.0,20.0,1.5,0.0,14.707999999999998,0.0,0.0,0.0,0.0,0.0,0.0
离网无储能,风电1-光伏1,1,1,11,10:00-11:00,4.1202,11.904,52.48,20.0,20.0,1.5,0.0,18.763800000000003,0.0,0.0,0.0,0.0,0.0,0.0
离网无储能,风电1-光伏1,1,1,12,11:00-12:00,3.9000000000000004,7.736,55.04,20.0,20.0,1.5,0.0,17.375999999999998,0.0,0.0,0.0,0.0,0.0,0.0
离网无储能,风电1-光伏1,1,1,13,12:00-13:00,3.2598000000000003,8.556000000000001,56.32,20.0,20.0,1.5,0.0,20.116200000000006,0.0,0.0,0.0,0.0,0.0,0.0
离网无储能,风电1-光伏1,1,1,14,13:00-14:00,2.6898,14.52,56.32,20.0,20.0,1.5,0.0,26.650199999999998,0.0,0.0,0.0,0.0,0.0,0.0
离网无储能,风电1-光伏1,1,1,15,14:00-15:00,3.63,6.707999999999999,52.48,20.0,20.0,1.5,0.0,14.057999999999993,0.0,0.0,0.0,0.0,0.0,0.0
离网无储能,风电1-光伏1,1,1,16,15:00-16:00,3.8202000000000003,11.175999999999998,44.8,20.0,20.0,1.5,0.0,10.6558,0.0,0.0,0.0,0.0,0.0,0.0
离网无储能,风电1-光伏1,1,1,17,16:00-17:00,3.75,10.107999999999999,33.28,18.200966183574906,19.99999999999997,1.4370338164251206,-0.0,0.0,0.0,0.0,0.0,0.0,0.0,0.0
离网无储能,风电1-光伏1,1,1,18,17:00-18:00,3.1398,6.3839999999999995,24.32,6.535458937198058,20.00000000000001,1.0287410628019324,-0.0,0.0,0.0,0.0,0.0,0.0,0.0,0.0
离网无储能,风电1-光伏1,1,1,19,18:00-19:00,2.61,6.428000000000001,11.52,0.0,14.748076923076924,0.5899230769230769,0.0,-0.0,0.0,0.0,0.0,0.0,0.0,0.0
离网无储能,风电1-光伏1,1,1,20,19:00-20:00,2.1198,5.736,0.0,0.0,0.0,0.0,0.0,3.6161999999999996,0.0,0.0,0.0,0.0,0.0,0.0
离网无储能,风电1-光伏1,1,1,21,20:00-21:00,1.8599999999999999,3.752,0.0,0.0,0.0,0.0,0.0,1.892,0.0,0.0,0.0,0.0,0.0,0.0
离网无储能,风电1-光伏1,1,1,22,21:00-22:00,1.6301999999999999,3.6919999999999997,0.0,0.0,0.0,0.0,0.0,2.0618,0.0,0.0,0.0,0.0,0.0,0.0
离网无储能,风电1-光伏1,1,1,23,22:00-23:00,1.56,4.88,0.0,0.0,0.0,0.0,0.0,3.32,0.0,0.0,0.0,0.0,0.0,0.0
离网无储能,风电1-光伏1,1,1,24,23:00-24:00,1.4802,3.1919999999999997,0.0,0.0,0.0,0.0,0.0,1.7117999999999998,0.0,0.0,0.0,0.0,0.0,0.0
离网无储能,风电1-光伏2,1,2,1,0:00-1:00,1.3698000000000001,9.776,0.0,0.0,8.082884615384616,0.32331538461538456,0.0,-0.0,0.0,0.0,0.0,0.0,0.0,0.0
离网无储能,风电1-光伏2,1,2,2,1:00-2:00,1.0997999999999999,10.904,0.0,0.0,9.427115384615384,0.37708461538461535,0.0,-0.0,0.0,0.0,0.0,0.0,0.0,0.0
离网无储能,风电1-光伏2,1,2,3,2:00-3:00,0.7998000000000001,15.152000000000001,0.0,0.0,13.80019230769231,0.5520076923076923,0.0,-0.0,0.0,0.0,0.0,0.0,0.0,0.0
离网无储能,风电1-光伏2,1,2,4,3:00-4:00,0.99,13.312,0.0,0.0,11.848076923076922,0.4739230769230769,0.0,-0.0,0.0,0.0,0.0,0.0,0.0,0.0
离网无储能,风电1-光伏2,1,2,5,4:00-5:00,1.1802000000000001,15.072000000000001,0.0,0.0,13.3575,0.5343,0.0,-0.0,0.0,0.0,0.0,0.0,0.0,0.0
离网无储能,风电1-光伏2,1,2,6,5:00-6:00,1.6301999999999999,18.724,0.0,0.0,16.436346153846156,0.6574538461538463,0.0,-0.0,0.0,0.0,0.0,0.0,0.0,0.0
离网无储能,风电1-光伏2,1,2,7,6:00-7:00,2.5002,9.628,0.0,0.0,6.853653846153847,0.2741461538461538,0.0,-0.0,0.0,0.0,0.0,0.0,0.0,0.0
离网无储能,风电1-光伏2,1,2,8,7:00-8:00,3.3701999999999996,22.804000000000002,3.2,2.0,19.772884615384616,0.8609153846153846,-0.0,0.0,0.0,0.0,0.0,0.0,0.0,0.0
离网无储能,风电1-光伏2,1,2,9,8:00-9:00,4.0098,17.852,10.88,3.7895652173913277,19.99999999999998,0.9326347826086956,-0.0,0.0,0.0,0.0,0.0,0.0,0.0,0.0
离网无储能,风电1-光伏2,1,2,10,9:00-10:00,4.199999999999999,14.328000000000001,17.92,7.0028985507246375,20.000000000000007,1.0451014492753625,-0.0,0.0,0.0,0.0,0.0,0.0,0.0,0.0
离网无储能,风电1-光伏2,1,2,11,10:00-11:00,4.1202,11.904,24.96,11.539903381642489,20.00000000000003,1.2038966183574882,-0.0,0.0,0.0,0.0,0.0,0.0,0.0,0.0
离网无储能,风电1-光伏2,1,2,12,11:00-12:00,3.9000000000000004,7.736,31.36,13.90917874396132,20.00000000000003,1.2868212560386474,-0.0,0.0,0.0,0.0,0.0,0.0,0.0,0.0
离网无储能,风电1-光伏2,1,2,13,12:00-13:00,3.2598000000000003,8.556000000000001,35.84,19.64850241545895,19.999999999999993,1.487697584541063,-0.0,0.0,0.0,0.0,0.0,0.0,0.0,0.0
离网无储能,风电1-光伏2,1,2,14,13:00-14:00,2.6898,14.52,37.12,20.0,20.0,1.5,0.0,7.450200000000002,0.0,0.0,0.0,0.0,0.0,0.0
离网无储能,风电1-光伏2,1,2,15,14:00-15:00,3.63,6.707999999999999,32.0,13.79516908212554,20.000000000000057,1.2828309178743962,-0.0,0.0,0.0,0.0,0.0,0.0,0.0,0.0
离网无储能,风电1-光伏2,1,2,16,15:00-16:00,3.8202000000000003,11.175999999999998,25.6,11.74473429951695,19.999999999999957,1.2110657004830916,-0.0,0.0,0.0,0.0,0.0,0.0,0.0,0.0
离网无储能,风电1-光伏2,1,2,17,16:00-17:00,3.75,10.107999999999999,19.2,4.597101449275385,19.99999999999998,0.9608985507246376,-0.0,0.0,0.0,0.0,0.0,0.0,0.0,0.0
离网无储能,风电1-光伏2,1,2,18,17:00-18:00,3.1398,6.3839999999999995,9.6,0.0,12.350192307692305,0.4940076923076922,0.0,-0.0,0.0,0.0,0.0,0.0,0.0,0.0
离网无储能,风电1-光伏2,1,2,19,18:00-19:00,2.61,6.428000000000001,3.2,0.0,6.7480769230769235,0.26992307692307693,0.0,-0.0,0.0,0.0,0.0,0.0,0.0,0.0
离网无储能,风电1-光伏2,1,2,20,19:00-20:00,2.1198,5.736,0.0,0.0,0.0,0.0,0.0,3.6161999999999996,0.0,0.0,0.0,0.0,0.0,0.0
离网无储能,风电1-光伏2,1,2,21,20:00-21:00,1.8599999999999999,3.752,0.0,0.0,0.0,0.0,0.0,1.892,0.0,0.0,0.0,0.0,0.0,0.0
离网无储能,风电1-光伏2,1,2,22,21:00-22:00,1.6301999999999999,3.6919999999999997,0.0,0.0,0.0,0.0,0.0,2.0618,0.0,0.0,0.0,0.0,0.0,0.0
离网无储能,风电1-光伏2,1,2,23,22:00-23:00,1.56,4.88,0.0,0.0,0.0,0.0,0.0,3.32,0.0,0.0,0.0,0.0,0.0,0.0
离网无储能,风电1-光伏2,1,2,24,23:00-24:00,1.4802,3.1919999999999997,0.0,0.0,0.0,0.0,0.0,1.7117999999999998,0.0,0.0,0.0,0.0,0.0,0.0
离网无储能,风电1-光伏3,1,3,1,0:00-1:00,1.3698000000000001,9.776,0.0,0.0,8.082884615384616,0.32331538461538456,0.0,-0.0,0.0,0.0,0.0,0.0,0.0,0.0
离网无储能,风电1-光伏3,1,3,2,1:00-2:00,1.0997999999999999,10.904,0.0,0.0,9.427115384615384,0.37708461538461535,0.0,-0.0,0.0,0.0,0.0,0.0,0.0,0.0
离网无储能,风电1-光伏3,1,3,3,2:00-3:00,0.7998000000000001,15.152000000000001,0.0,0.0,13.80019230769231,0.5520076923076923,0.0,-0.0,0.0,0.0,0.0,0.0,0.0,0.0
离网无储能,风电1-光伏3,1,3,4,3:00-4:00,0.99,13.312,0.0,0.0,11.848076923076922,0.4739230769230769,0.0,-0.0,0.0,0.0,0.0,0.0,0.0,0.0
离网无储能,风电1-光伏3,1,3,5,4:00-5:00,1.1802000000000001,15.072000000000001,0.0,0.0,13.3575,0.5343,0.0,-0.0,0.0,0.0,0.0,0.0,0.0,0.0
离网无储能,风电1-光伏3,1,3,6,5:00-6:00,1.6301999999999999,18.724,0.0,0.0,16.436346153846156,0.6574538461538463,0.0,-0.0,0.0,0.0,0.0,0.0,0.0,0.0
离网无储能,风电1-光伏3,1,3,7,6:00-7:00,2.5002,9.628,0.0,0.0,6.853653846153847,0.2741461538461538,0.0,-0.0,0.0,0.0,0.0,0.0,0.0,0.0
离网无储能,风电1-光伏3,1,3,8,7:00-8:00,3.3701999999999996,22.804000000000002,1.28,0.0,19.917115384615386,0.7966846153846154,0.0,-0.0,0.0,0.0,0.0,0.0,0.0,0.0
离网无储能,风电1-光伏3,1,3,9,8:00-9:00,4.0098,17.852,3.2,0.0,16.38673076923077,0.6554692307692308,0.0,-0.0,0.0,0.0,0.0,0.0,0.0,0.0
离网无储能,风电1-光伏3,1,3,10,9:00-10:00,4.199999999999999,14.328000000000001,5.12,0.0,14.661538461538463,0.5864615384615385,0.0,-0.0,0.0,0.0,0.0,0.0,0.0,0.0
离网无储能,风电1-光伏3,1,3,11,10:00-11:00,4.1202,11.904,7.68,0.0,14.86903846153846,0.5947615384615385,0.0,-0.0,0.0,0.0,0.0,0.0,0.0,0.0
离网无储能,风电1-光伏3,1,3,12,11:00-12:00,3.9000000000000004,7.736,11.52,0.0,14.765384615384615,0.5906153846153847,0.0,-0.0,0.0,0.0,0.0,0.0,0.0,0.0
离网无储能,风电1-光伏3,1,3,13,12:00-13:00,3.2598000000000003,8.556000000000001,14.08,0.0,18.63096153846154,0.7452384615384616,0.0,-0.0,0.0,0.0,0.0,0.0,0.0,0.0
离网无储能,风电1-光伏3,1,3,14,13:00-14:00,2.6898,14.52,14.08,4.937391304347841,19.99999999999999,0.972808695652174,-0.0,0.0,0.0,0.0,0.0,0.0,0.0,0.0
离网无储能,风电1-光伏3,1,3,15,14:00-15:00,3.63,6.707999999999999,11.52,0.0,14.036538461538461,0.5614615384615383,0.0,-0.0,0.0,0.0,0.0,0.0,0.0,0.0
离网无储能,风电1-光伏3,1,3,16,15:00-16:00,3.8202000000000003,11.175999999999998,7.04,0.0,13.842115384615383,0.5536846153846153,0.0,-0.0,0.0,0.0,0.0,0.0,0.0,0.0
离网无储能,风电1-光伏3,1,3,17,16:00-17:00,3.75,10.107999999999999,5.12,0.0,11.03653846153846,0.44146153846153835,0.0,-0.0,0.0,0.0,0.0,0.0,0.0,0.0
离网无储能,风电1-光伏3,1,3,18,17:00-18:00,3.1398,6.3839999999999995,3.2,0.0,6.196346153846154,0.24785384615384612,0.0,-0.0,0.0,0.0,0.0,0.0,0.0,0.0
离网无储能,风电1-光伏3,1,3,19,18:00-19:00,2.61,6.428000000000001,1.28,0.0,4.901923076923078,0.19607692307692312,0.0,-0.0,0.0,0.0,0.0,0.0,0.0,0.0
离网无储能,风电1-光伏3,1,3,20,19:00-20:00,2.1198,5.736,0.0,0.0,0.0,0.0,0.0,3.6161999999999996,0.0,0.0,0.0,0.0,0.0,0.0
离网无储能,风电1-光伏3,1,3,21,20:00-21:00,1.8599999999999999,3.752,0.0,0.0,0.0,0.0,0.0,1.892,0.0,0.0,0.0,0.0,0.0,0.0
离网无储能,风电1-光伏3,1,3,22,21:00-22:00,1.6301999999999999,3.6919999999999997,0.0,0.0,0.0,0.0,0.0,2.0618,0.0,0.0,0.0,0.0,0.0,0.0
离网无储能,风电1-光伏3,1,3,23,22:00-23:00,1.56,4.88,0.0,0.0,0.0,0.0,0.0,3.32,0.0,0.0,0.0,0.0,0.0,0.0
离网无储能,风电1-光伏3,1,3,24,23:00-24:00,1.4802,3.1919999999999997,0.0,0.0,0.0,0.0,0.0,1.7117999999999998,0.0,0.0,0.0,0.0,0.0,0.0
离网无储能,风电1-光伏4,1,4,1,0:00-1:00,1.3698000000000001,9.776,0.0,0.0,8.082884615384616,0.32331538461538456,0.0,-0.0,0.0,0.0,0.0,0.0,0.0,0.0
离网无储能,风电1-光伏4,1,4,2,1:00-2:00,1.0997999999999999,10.904,0.0,0.0,9.427115384615384,0.37708461538461535,0.0,-0.0,0.0,0.0,0.0,0.0,0.0,0.0
离网无储能,风电1-光伏4,1,4,3,2:00-3:00,0.7998000000000001,15.152000000000001,0.0,0.0,13.80019230769231,0.5520076923076923,0.0,-0.0,0.0,0.0,0.0,0.0,0.0,0.0
离网无储能,风电1-光伏4,1,4,4,3:00-4:00,0.99,13.312,0.0,0.0,11.848076923076922,0.4739230769230769,0.0,-0.0,0.0,0.0,0.0,0.0,0.0,0.0
离网无储能,风电1-光伏4,1,4,5,4:00-5:00,1.1802000000000001,15.072000000000001,0.0,0.0,13.3575,0.5343,0.0,-0.0,0.0,0.0,0.0,0.0,0.0,0.0
离网无储能,风电1-光伏4,1,4,6,5:00-6:00,1.6301999999999999,18.724,0.0,0.0,16.436346153846156,0.6574538461538463,0.0,-0.0,0.0,0.0,0.0,0.0,0.0,0.0
离网无储能,风电1-光伏4,1,4,7,6:00-7:00,2.5002,9.628,0.0,0.0,6.853653846153847,0.2741461538461538,0.0,-0.0,0.0,0.0,0.0,0.0,0.0,0.0
离网无储能,风电1-光伏4,1,4,8,7:00-8:00,3.3701999999999996,22.804000000000002,0.0,0.0,18.686346153846156,0.7474538461538462,0.0,-0.0,0.0,0.0,0.0,0.0,0.0,0.0
离网无储能,风电1-光伏4,1,4,9,8:00-9:00,4.0098,17.852,0.0,0.0,13.309807692307693,0.5323923076923076,0.0,-0.0,0.0,0.0,0.0,0.0,0.0,0.0
离网无储能,风电1-光伏4,1,4,10,9:00-10:00,4.199999999999999,14.328000000000001,0.0,0.0,9.738461538461541,0.38953846153846156,0.0,-0.0,0.0,0.0,0.0,0.0,0.0,0.0
离网无储能,风电1-光伏4,1,4,11,10:00-11:00,4.1202,11.904,0.0,0.0,7.484423076923077,0.2993769230769231,0.0,-0.0,0.0,0.0,0.0,0.0,0.0,0.0
离网无储能,风电1-光伏4,1,4,12,11:00-12:00,3.9000000000000004,7.736,1.28,0.0,4.919230769230769,0.19676923076923075,0.0,-0.0,0.0,0.0,0.0,0.0,0.0,0.0
离网无储能,风电1-光伏4,1,4,13,12:00-13:00,3.2598000000000003,8.556000000000001,5.12,0.0,10.015576923076924,0.40062307692307697,0.0,-0.0,0.0,0.0,0.0,0.0,0.0,0.0
离网无储能,风电1-光伏4,1,4,14,13:00-14:00,2.6898,14.52,7.68,0.0,18.75980769230769,0.7503923076923076,0.0,-0.0,0.0,0.0,0.0,0.0,0.0,0.0
离网无储能,风电1-光伏4,1,4,15,14:00-15:00,3.63,6.707999999999999,5.12,0.0,7.882692307692308,0.3153076923076923,0.0,-0.0,0.0,0.0,0.0,0.0,0.0,0.0
离网无储能,风电1-光伏4,1,4,16,15:00-16:00,3.8202000000000003,11.175999999999998,1.28,0.0,8.303653846153844,0.33214615384615376,0.0,-0.0,0.0,0.0,0.0,0.0,0.0,0.0
离网无储能,风电1-光伏4,1,4,17,16:00-17:00,3.75,10.107999999999999,0.0,0.0,6.113461538461538,0.24453846153846148,0.0,-0.0,0.0,0.0,0.0,0.0,0.0,0.0
离网无储能,风电1-光伏4,1,4,18,17:00-18:00,3.1398,6.3839999999999995,0.0,0.0,0.0,0.0,0.0,3.2441999999999993,0.0,0.0,0.0,0.0,0.0,0.0
离网无储能,风电1-光伏4,1,4,19,18:00-19:00,2.61,6.428000000000001,0.0,0.0,0.0,0.0,0.0,3.818000000000001,0.0,0.0,0.0,0.0,0.0,0.0
离网无储能,风电1-光伏4,1,4,20,19:00-20:00,2.1198,5.736,0.0,0.0,0.0,0.0,0.0,3.6161999999999996,0.0,0.0,0.0,0.0,0.0,0.0
离网无储能,风电1-光伏4,1,4,21,20:00-21:00,1.8599999999999999,3.752,0.0,0.0,0.0,0.0,0.0,1.892,0.0,0.0,0.0,0.0,0.0,0.0
离网无储能,风电1-光伏4,1,4,22,21:00-22:00,1.6301999999999999,3.6919999999999997,0.0,0.0,0.0,0.0,0.0,2.0618,0.0,0.0,0.0,0.0,0.0,0.0
离网无储能,风电1-光伏4,1,4,23,22:00-23:00,1.56,4.88,0.0,0.0,0.0,0.0,0.0,3.32,0.0,0.0,0.0,0.0,0.0,0.0
离网无储能,风电1-光伏4,1,4,24,23:00-24:00,1.4802,3.1919999999999997,0.0,0.0,0.0,0.0,0.0,1.7117999999999998,0.0,0.0,0.0,0.0,0.0,0.0
离网无储能,风电2-光伏1,2,1,1,0:00-1:00,1.3698000000000001,5.312,0.0,0.0,3.790576923076923,0.15162307692307692,0.0,-0.0,0.0,0.0,0.0,0.0,0.0,0.0
离网无储能,风电2-光伏1,2,1,2,1:00-2:00,1.0997999999999999,8.5,0.0,0.0,7.115576923076923,0.28462307692307687,0.0,-0.0,0.0,0.0,0.0,0.0,0.0,0.0
离网无储能,风电2-光伏1,2,1,3,2:00-3:00,0.7998000000000001,9.379999999999999,0.0,0.0,8.250192307692307,0.3300076923076923,0.0,-0.0,0.0,0.0,0.0,0.0,0.0,0.0
离网无储能,风电2-光伏1,2,1,4,3:00-4:00,0.99,10.304,0.0,0.0,8.955769230769231,0.35823076923076924,0.0,-0.0,0.0,0.0,0.0,0.0,0.0,0.0
离网无储能,风电2-光伏1,2,1,5,4:00-5:00,1.1802000000000001,9.9,0.0,0.0,8.384423076923076,0.335376923076923,0.0,-0.0,0.0,0.0,0.0,0.0,0.0,0.0
离网无储能,风电2-光伏1,2,1,6,5:00-6:00,1.6301999999999999,9.62,0.0,0.0,7.682499999999999,0.3072999999999999,0.0,-0.0,0.0,0.0,0.0,0.0,0.0,0.0
离网无储能,风电2-光伏1,2,1,7,6:00-7:00,2.5002,9.14,14.08,0.0,19.922884615384614,0.7969153846153846,0.0,-0.0,0.0,0.0,0.0,0.0,0.0,0.0
离网无储能,风电2-光伏1,2,1,8,7:00-8:00,3.3701999999999996,7.640000000000001,25.6,8.763091787439635,19.99999999999998,1.1067082125603864,-0.0,0.0,0.0,0.0,0.0,0.0,0.0,0.0
离网无储能,风电2-光伏1,2,1,9,8:00-9:00,4.0098,4.748,37.12,16.481352657004834,19.999999999999993,1.3768473429951689,-0.0,0.0,0.0,0.0,0.0,0.0,0.0,0.0
离网无储能,风电2-光伏1,2,1,10,9:00-10:00,4.199999999999999,4.859999999999999,46.08,20.0,20.0,1.5,0.0,5.239999999999995,0.0,0.0,0.0,0.0,0.0,0.0
离网无储能,风电2-光伏1,2,1,11,10:00-11:00,4.1202,5.335999999999999,52.48,20.0,20.0,1.5,0.0,12.195799999999998,0.0,0.0,0.0,0.0,0.0,0.0
离网无储能,风电2-光伏1,2,1,12,11:00-12:00,3.9000000000000004,4.292,55.04,20.0,20.0,1.5,0.0,13.932000000000002,0.0,0.0,0.0,0.0,0.0,0.0
离网无储能,风电2-光伏1,2,1,13,12:00-13:00,3.2598000000000003,4.168,56.32,20.0,20.0,1.5,0.0,15.728200000000001,0.0,0.0,0.0,0.0,0.0,0.0
离网无储能,风电2-光伏1,2,1,14,13:00-14:00,2.6898,6.787999999999999,56.32,20.0,20.0,1.5,0.0,18.9182,0.0,0.0,0.0,0.0,0.0,0.0
离网无储能,风电2-光伏1,2,1,15,14:00-15:00,3.63,8.364,52.48,20.0,20.0,1.5,0.0,15.713999999999992,0.0,0.0,0.0,0.0,0.0,0.0
离网无储能,风电2-光伏1,2,1,16,15:00-16:00,3.8202000000000003,8.404,44.8,20.0,20.0,1.5,0.0,7.883799999999994,0.0,0.0,0.0,0.0,0.0,0.0
离网无储能,风电2-光伏1,2,1,17,16:00-17:00,3.75,5.896,33.28,14.131400966183605,19.99999999999997,1.294599033816425,-0.0,0.0,0.0,0.0,0.0,0.0,0.0,0.0
离网无储能,风电2-光伏1,2,1,18,17:00-18:00,3.1398,6.6080000000000005,24.32,6.7518840579710115,20.000000000000004,1.0363159420289856,-0.0,0.0,0.0,0.0,0.0,0.0,0.0,0.0
离网无储能,风电2-光伏1,2,1,19,18:00-19:00,2.61,6.252,11.52,0.0,14.578846153846152,0.5831538461538461,0.0,-0.0,0.0,0.0,0.0,0.0,0.0,0.0
离网无储能,风电2-光伏1,2,1,20,19:00-20:00,2.1198,4.312,0.0,0.0,0.0,0.0,0.0,2.1922,0.0,0.0,0.0,0.0,0.0,0.0
离网无储能,风电2-光伏1,2,1,21,20:00-21:00,1.8599999999999999,2.3280000000000003,0.0,0.0,0.0,0.0,0.0,0.4680000000000004,0.0,0.0,0.0,0.0,0.0,0.0
离网无储能,风电2-光伏1,2,1,22,21:00-22:00,1.6301999999999999,1.492,0.0,0.0,0.0,0.0,0.13819999999999988,0.0,0.0,0.0,0.0,0.0,0.0,0.0
离网无储能,风电2-光伏1,2,1,23,22:00-23:00,1.56,2.124,0.0,0.0,0.0,0.0,0.0,0.5640000000000001,0.0,0.0,0.0,0.0,0.0,0.0
离网无储能,风电2-光伏1,2,1,24,23:00-24:00,1.4802,3.6959999999999997,0.0,0.0,0.0,0.0,0.0,2.2157999999999998,0.0,0.0,0.0,0.0,0.0,0.0
离网无储能,风电2-光伏2,2,2,1,0:00-1:00,1.3698000000000001,5.312,0.0,0.0,3.790576923076923,0.15162307692307692,0.0,-0.0,0.0,0.0,0.0,0.0,0.0,0.0
离网无储能,风电2-光伏2,2,2,2,1:00-2:00,1.0997999999999999,8.5,0.0,0.0,7.115576923076923,0.28462307692307687,0.0,-0.0,0.0,0.0,0.0,0.0,0.0,0.0
离网无储能,风电2-光伏2,2,2,3,2:00-3:00,0.7998000000000001,9.379999999999999,0.0,0.0,8.250192307692307,0.3300076923076923,0.0,-0.0,0.0,0.0,0.0,0.0,0.0,0.0
离网无储能,风电2-光伏2,2,2,4,3:00-4:00,0.99,10.304,0.0,0.0,8.955769230769231,0.35823076923076924,0.0,-0.0,0.0,0.0,0.0,0.0,0.0,0.0
离网无储能,风电2-光伏2,2,2,5,4:00-5:00,1.1802000000000001,9.9,0.0,0.0,8.384423076923076,0.335376923076923,0.0,-0.0,0.0,0.0,0.0,0.0,0.0,0.0
离网无储能,风电2-光伏2,2,2,6,5:00-6:00,1.6301999999999999,9.62,0.0,0.0,7.682499999999999,0.3072999999999999,0.0,-0.0,0.0,0.0,0.0,0.0,0.0,0.0
离网无储能,风电2-光伏2,2,2,7,6:00-7:00,2.5002,9.14,0.0,0.0,6.384423076923078,0.2553769230769231,0.0,-0.0,0.0,0.0,0.0,0.0,0.0,0.0
离网无储能,风电2-光伏2,2,2,8,7:00-8:00,3.3701999999999996,7.640000000000001,3.2,0.0,7.1825,0.2873,0.0,-0.0,0.0,0.0,0.0,0.0,0.0,0.0
离网无储能,风电2-光伏2,2,2,9,8:00-9:00,4.0098,4.748,10.88,0.0,11.171346153846153,0.44685384615384616,0.0,-0.0,0.0,0.0,0.0,0.0,0.0,0.0
离网无储能,风电2-光伏2,2,2,10,9:00-10:00,4.199999999999999,4.859999999999999,17.92,0.0,17.865384615384617,0.7146153846153847,0.0,-0.0,0.0,0.0,0.0,0.0,0.0,0.0
离网无储能,风电2-光伏2,2,2,11,10:00-11:00,4.1202,5.335999999999999,24.96,5.194009661835736,20.00000000000001,0.9817903381642512,-0.0,0.0,0.0,0.0,0.0,0.0,0.0,0.0
离网无储能,风电2-光伏2,2,2,12,11:00-12:00,3.9000000000000004,4.292,31.36,10.581642512077309,19.99999999999999,1.1703574879227054,-0.0,0.0,0.0,0.0,0.0,0.0,0.0,0.0
离网无储能,风电2-光伏2,2,2,13,12:00-13:00,3.2598000000000003,4.168,35.84,15.408888888888896,20.0,1.3393111111111113,-0.0,0.0,0.0,0.0,0.0,0.0,0.0,0.0
离网无储能,风电2-光伏2,2,2,14,13:00-14:00,2.6898,6.787999999999999,37.12,19.727729468599023,20.000000000000007,1.490470531400966,-0.0,0.0,0.0,0.0,0.0,0.0,0.0,0.0
离网无储能,风电2-光伏2,2,2,15,14:00-15:00,3.63,8.364,32.0,15.395169082125562,20.000000000000043,1.3388309178743965,-0.0,0.0,0.0,0.0,0.0,0.0,0.0,0.0
离网无储能,风电2-光伏2,2,2,16,15:00-16:00,3.8202000000000003,8.404,25.6,9.066473429951657,20.00000000000004,1.1173265700483095,-0.0,0.0,0.0,0.0,0.0,0.0,0.0,0.0
离网无储能,风电2-光伏2,2,2,17,16:00-17:00,3.75,5.896,19.2,2.0,18.534615384615385,0.8113846153846154,-0.0,0.0,0.0,0.0,0.0,0.0,0.0,0.0
离网无储能,风电2-光伏2,2,2,18,17:00-18:00,3.1398,6.6080000000000005,9.6,0.0,12.56557692307692,0.5026230769230768,0.0,-0.0,0.0,0.0,0.0,0.0,0.0,0.0
离网无储能,风电2-光伏2,2,2,19,18:00-19:00,2.61,6.252,3.2,0.0,6.578846153846154,0.2631538461538462,0.0,-0.0,0.0,0.0,0.0,0.0,0.0,0.0
离网无储能,风电2-光伏2,2,2,20,19:00-20:00,2.1198,4.312,0.0,0.0,0.0,0.0,0.0,2.1922,0.0,0.0,0.0,0.0,0.0,0.0
离网无储能,风电2-光伏2,2,2,21,20:00-21:00,1.8599999999999999,2.3280000000000003,0.0,0.0,0.0,0.0,0.0,0.4680000000000004,0.0,0.0,0.0,0.0,0.0,0.0
离网无储能,风电2-光伏2,2,2,22,21:00-22:00,1.6301999999999999,1.492,0.0,0.0,0.0,0.0,0.13819999999999988,0.0,0.0,0.0,0.0,0.0,0.0,0.0
离网无储能,风电2-光伏2,2,2,23,22:00-23:00,1.56,2.124,0.0,0.0,0.0,0.0,0.0,0.5640000000000001,0.0,0.0,0.0,0.0,0.0,0.0
离网无储能,风电2-光伏2,2,2,24,23:00-24:00,1.4802,3.6959999999999997,0.0,0.0,0.0,0.0,0.0,2.2157999999999998,0.0,0.0,0.0,0.0,0.0,0.0
离网无储能,风电2-光伏3,2,3,1,0:00-1:00,1.3698000000000001,5.312,0.0,0.0,3.790576923076923,0.15162307692307692,0.0,-0.0,0.0,0.0,0.0,0.0,0.0,0.0
离网无储能,风电2-光伏3,2,3,2,1:00-2:00,1.0997999999999999,8.5,0.0,0.0,7.115576923076923,0.28462307692307687,0.0,-0.0,0.0,0.0,0.0,0.0,0.0,0.0
离网无储能,风电2-光伏3,2,3,3,2:00-3:00,0.7998000000000001,9.379999999999999,0.0,0.0,8.250192307692307,0.3300076923076923,0.0,-0.0,0.0,0.0,0.0,0.0,0.0,0.0
离网无储能,风电2-光伏3,2,3,4,3:00-4:00,0.99,10.304,0.0,0.0,8.955769230769231,0.35823076923076924,0.0,-0.0,0.0,0.0,0.0,0.0,0.0,0.0
离网无储能,风电2-光伏3,2,3,5,4:00-5:00,1.1802000000000001,9.9,0.0,0.0,8.384423076923076,0.335376923076923,0.0,-0.0,0.0,0.0,0.0,0.0,0.0,0.0
离网无储能,风电2-光伏3,2,3,6,5:00-6:00,1.6301999999999999,9.62,0.0,0.0,7.682499999999999,0.3072999999999999,0.0,-0.0,0.0,0.0,0.0,0.0,0.0,0.0
离网无储能,风电2-光伏3,2,3,7,6:00-7:00,2.5002,9.14,0.0,0.0,6.384423076923078,0.2553769230769231,0.0,-0.0,0.0,0.0,0.0,0.0,0.0,0.0
离网无储能,风电2-光伏3,2,3,8,7:00-8:00,3.3701999999999996,7.640000000000001,1.28,0.0,5.336346153846154,0.21345384615384616,0.0,-0.0,0.0,0.0,0.0,0.0,0.0,0.0
离网无储能,风电2-光伏3,2,3,9,8:00-9:00,4.0098,4.748,3.2,0.0,3.7867307692307692,0.15146923076923077,0.0,-0.0,0.0,0.0,0.0,0.0,0.0,0.0
离网无储能,风电2-光伏3,2,3,10,9:00-10:00,4.199999999999999,4.859999999999999,5.12,0.0,5.557692307692308,0.22230769230769235,0.0,-0.0,0.0,0.0,0.0,0.0,0.0,0.0
离网无储能,风电2-光伏3,2,3,11,10:00-11:00,4.1202,5.335999999999999,7.68,0.0,8.553653846153844,0.34214615384615377,0.0,-0.0,0.0,0.0,0.0,0.0,0.0,0.0
离网无储能,风电2-光伏3,2,3,12,11:00-12:00,3.9000000000000004,4.292,11.52,0.0,11.453846153846152,0.4581538461538461,0.0,-0.0,0.0,0.0,0.0,0.0,0.0,0.0
离网无储能,风电2-光伏3,2,3,13,12:00-13:00,3.2598000000000003,4.168,14.08,0.0,14.41173076923077,0.5764692307692308,0.0,-0.0,0.0,0.0,0.0,0.0,0.0,0.0
离网无储能,风电2-光伏3,2,3,14,13:00-14:00,2.6898,6.787999999999999,14.08,0.0,17.479038461538458,0.6991615384615383,0.0,-0.0,0.0,0.0,0.0,0.0,0.0,0.0
离网无储能,风电2-光伏3,2,3,15,14:00-15:00,3.63,8.364,11.52,0.0,15.628846153846155,0.6251538461538462,0.0,-0.0,0.0,0.0,0.0,0.0,0.0,0.0
离网无储能,风电2-光伏3,2,3,16,15:00-16:00,3.8202000000000003,8.404,7.04,0.0,11.176730769230769,0.4470692307692308,0.0,-0.0,0.0,0.0,0.0,0.0,0.0,0.0
离网无储能,风电2-光伏3,2,3,17,16:00-17:00,3.75,5.896,5.12,0.0,6.986538461538462,0.27946153846153843,0.0,-0.0,0.0,0.0,0.0,0.0,0.0,0.0
离网无储能,风电2-光伏3,2,3,18,17:00-18:00,3.1398,6.6080000000000005,3.2,0.0,6.411730769230769,0.2564692307692307,0.0,-0.0,0.0,0.0,0.0,0.0,0.0,0.0
离网无储能,风电2-光伏3,2,3,19,18:00-19:00,2.61,6.252,1.28,0.0,4.732692307692308,0.18930769230769232,0.0,-0.0,0.0,0.0,0.0,0.0,0.0,0.0
离网无储能,风电2-光伏3,2,3,20,19:00-20:00,2.1198,4.312,0.0,0.0,0.0,0.0,0.0,2.1922,0.0,0.0,0.0,0.0,0.0,0.0
离网无储能,风电2-光伏3,2,3,21,20:00-21:00,1.8599999999999999,2.3280000000000003,0.0,0.0,0.0,0.0,0.0,0.4680000000000004,0.0,0.0,0.0,0.0,0.0,0.0
离网无储能,风电2-光伏3,2,3,22,21:00-22:00,1.6301999999999999,1.492,0.0,0.0,0.0,0.0,0.13819999999999988,0.0,0.0,0.0,0.0,0.0,0.0,0.0
离网无储能,风电2-光伏3,2,3,23,22:00-23:00,1.56,2.124,0.0,0.0,0.0,0.0,0.0,0.5640000000000001,0.0,0.0,0.0,0.0,0.0,0.0
离网无储能,风电2-光伏3,2,3,24,23:00-24:00,1.4802,3.6959999999999997,0.0,0.0,0.0,0.0,0.0,2.2157999999999998,0.0,0.0,0.0,0.0,0.0,0.0
离网无储能,风电2-光伏4,2,4,1,0:00-1:00,1.3698000000000001,5.312,0.0,0.0,3.790576923076923,0.15162307692307692,0.0,-0.0,0.0,0.0,0.0,0.0,0.0,0.0
离网无储能,风电2-光伏4,2,4,2,1:00-2:00,1.0997999999999999,8.5,0.0,0.0,7.115576923076923,0.28462307692307687,0.0,-0.0,0.0,0.0,0.0,0.0,0.0,0.0
离网无储能,风电2-光伏4,2,4,3,2:00-3:00,0.7998000000000001,9.379999999999999,0.0,0.0,8.250192307692307,0.3300076923076923,0.0,-0.0,0.0,0.0,0.0,0.0,0.0,0.0
离网无储能,风电2-光伏4,2,4,4,3:00-4:00,0.99,10.304,0.0,0.0,8.955769230769231,0.35823076923076924,0.0,-0.0,0.0,0.0,0.0,0.0,0.0,0.0
离网无储能,风电2-光伏4,2,4,5,4:00-5:00,1.1802000000000001,9.9,0.0,0.0,8.384423076923076,0.335376923076923,0.0,-0.0,0.0,0.0,0.0,0.0,0.0,0.0
离网无储能,风电2-光伏4,2,4,6,5:00-6:00,1.6301999999999999,9.62,0.0,0.0,7.682499999999999,0.3072999999999999,0.0,-0.0,0.0,0.0,0.0,0.0,0.0,0.0
离网无储能,风电2-光伏4,2,4,7,6:00-7:00,2.5002,9.14,0.0,0.0,6.384423076923078,0.2553769230769231,0.0,-0.0,0.0,0.0,0.0,0.0,0.0,0.0
离网无储能,风电2-光伏4,2,4,8,7:00-8:00,3.3701999999999996,7.640000000000001,0.0,0.0,4.105576923076924,0.16422307692307694,0.0,-0.0,0.0,0.0,0.0,0.0,0.0,0.0
离网无储能,风电2-光伏4,2,4,9,8:00-9:00,4.0098,4.748,0.0,0.0,0.0,0.0,0.0,0.7382,0.0,0.0,0.0,0.0,0.0,0.0
离网无储能,风电2-光伏4,2,4,10,9:00-10:00,4.199999999999999,4.859999999999999,0.0,0.0,0.0,0.0,0.0,0.6600000000000001,0.0,0.0,0.0,0.0,0.0,0.0
离网无储能,风电2-光伏4,2,4,11,10:00-11:00,4.1202,5.335999999999999,0.0,0.0,0.0,0.0,0.0,1.2157999999999998,0.0,0.0,0.0,0.0,0.0,0.0
离网无储能,风电2-光伏4,2,4,12,11:00-12:00,3.9000000000000004,4.292,1.28,0.0,0.0,0.0,0.0,1.6719999999999997,0.0,0.0,0.0,0.0,0.0,0.0
离网无储能,风电2-光伏4,2,4,13,12:00-13:00,3.2598000000000003,4.168,5.12,0.0,5.796346153846154,0.23185384615384613,0.0,-0.0,0.0,0.0,0.0,0.0,0.0,0.0
离网无储能,风电2-光伏4,2,4,14,13:00-14:00,2.6898,6.787999999999999,7.68,0.0,11.325192307692308,0.4530076923076923,0.0,-0.0,0.0,0.0,0.0,0.0,0.0,0.0
离网无储能,风电2-光伏4,2,4,15,14:00-15:00,3.63,8.364,5.12,0.0,9.475000000000003,0.3790000000000001,0.0,-0.0,0.0,0.0,0.0,0.0,0.0,0.0
离网无储能,风电2-光伏4,2,4,16,15:00-16:00,3.8202000000000003,8.404,1.28,0.0,5.638269230769231,0.2255307692307692,0.0,-0.0,0.0,0.0,0.0,0.0,0.0,0.0
离网无储能,风电2-光伏4,2,4,17,16:00-17:00,3.75,5.896,0.0,0.0,0.0,0.0,0.0,2.146,0.0,0.0,0.0,0.0,0.0,0.0
离网无储能,风电2-光伏4,2,4,18,17:00-18:00,3.1398,6.6080000000000005,0.0,0.0,0.0,0.0,0.0,3.4682000000000004,0.0,0.0,0.0,0.0,0.0,0.0
离网无储能,风电2-光伏4,2,4,19,18:00-19:00,2.61,6.252,0.0,0.0,0.0,0.0,0.0,3.642,0.0,0.0,0.0,0.0,0.0,0.0
离网无储能,风电2-光伏4,2,4,20,19:00-20:00,2.1198,4.312,0.0,0.0,0.0,0.0,0.0,2.1922,0.0,0.0,0.0,0.0,0.0,0.0
离网无储能,风电2-光伏4,2,4,21,20:00-21:00,1.8599999999999999,2.3280000000000003,0.0,0.0,0.0,0.0,0.0,0.4680000000000004,0.0,0.0,0.0,0.0,0.0,0.0
离网无储能,风电2-光伏4,2,4,22,21:00-22:00,1.6301999999999999,1.492,0.0,0.0,0.0,0.0,0.13819999999999988,0.0,0.0,0.0,0.0,0.0,0.0,0.0
离网无储能,风电2-光伏4,2,4,23,22:00-23:00,1.56,2.124,0.0,0.0,0.0,0.0,0.0,0.5640000000000001,0.0,0.0,0.0,0.0,0.0,0.0
离网无储能,风电2-光伏4,2,4,24,23:00-24:00,1.4802,3.6959999999999997,0.0,0.0,0.0,0.0,0.0,2.2157999999999998,0.0,0.0,0.0,0.0,0.0,0.0
离网无储能,风电3-光伏1,3,1,1,0:00-1:00,1.3698000000000001,11.904,0.0,0.0,10.129038461538462,0.40516153846153846,0.0,-0.0,0.0,0.0,0.0,0.0,0.0,0.0
离网无储能,风电3-光伏1,3,1,2,1:00-2:00,1.0997999999999999,13.384,0.0,0.0,11.811730769230769,0.47246923076923075,0.0,-0.0,0.0,0.0,0.0,0.0,0.0,0.0
离网无储能,风电3-光伏1,3,1,3,2:00-3:00,0.7998000000000001,14.268,0.0,0.0,12.950192307692308,0.5180076923076924,0.0,-0.0,0.0,0.0,0.0,0.0,0.0,0.0
离网无储能,风电3-光伏1,3,1,4,3:00-4:00,0.99,15.72,0.0,0.0,14.163461538461538,0.5665384615384615,0.0,-0.0,0.0,0.0,0.0,0.0,0.0,0.0
离网无储能,风电3-光伏1,3,1,5,4:00-5:00,1.1802000000000001,15.088,0.0,0.0,13.372884615384613,0.5349153846153846,0.0,-0.0,0.0,0.0,0.0,0.0,0.0,0.0
离网无储能,风电3-光伏1,3,1,6,5:00-6:00,1.6301999999999999,13.475999999999999,0.0,0.0,11.390192307692306,0.45560769230769227,0.0,-0.0,0.0,0.0,0.0,0.0,0.0,0.0
离网无储能,风电3-光伏1,3,1,7,6:00-7:00,2.5002,13.832,14.08,4.455845410628001,20.000000000000018,0.9559545893719807,-0.0,0.0,0.0,0.0,0.0,0.0,0.0,0.0
离网无储能,风电3-光伏1,3,1,8,7:00-8:00,3.3701999999999996,12.76,25.6,13.709951690821242,20.000000000000014,1.279848309178744,-0.0,0.0,0.0,0.0,0.0,0.0,0.0,0.0
离网无储能,风电3-光伏1,3,1,9,8:00-9:00,4.0098,10.712,37.12,20.0,20.0,1.5,0.0,2.322199999999995,0.0,0.0,0.0,0.0,0.0,0.0
离网无储能,风电3-光伏1,3,1,10,9:00-10:00,4.199999999999999,11.916,46.08,20.0,20.0,1.5,0.0,12.295999999999992,0.0,0.0,0.0,0.0,0.0,0.0
离网无储能,风电3-光伏1,3,1,11,10:00-11:00,4.1202,8.804,52.48,20.0,20.0,1.5,0.0,15.663800000000002,0.0,0.0,0.0,0.0,0.0,0.0
离网无储能,风电3-光伏1,3,1,12,11:00-12:00,3.9000000000000004,9.3,55.04,20.0,20.0,1.5,0.0,18.940000000000005,0.0,0.0,0.0,0.0,0.0,0.0
离网无储能,风电3-光伏1,3,1,13,12:00-13:00,3.2598000000000003,9.012,56.32,20.0,20.0,1.5,0.0,20.572199999999995,0.0,0.0,0.0,0.0,0.0,0.0
离网无储能,风电3-光伏1,3,1,14,13:00-14:00,2.6898,10.704,56.32,20.0,20.0,1.5,0.0,22.834199999999996,0.0,0.0,0.0,0.0,0.0,0.0
离网无储能,风电3-光伏1,3,1,15,14:00-15:00,3.63,10.604,52.48,20.0,20.0,1.5,0.0,17.953999999999994,0.0,0.0,0.0,0.0,0.0,0.0
离网无储能,风电3-光伏1,3,1,16,15:00-16:00,3.8202000000000003,14.552,44.8,20.0,20.0,1.5,0.0,14.031799999999997,0.0,0.0,0.0,0.0,0.0,0.0
离网无储能,风电3-光伏1,3,1,17,16:00-17:00,3.75,13.724,33.28,20.0,20.0,1.5,0.0,1.7540000000000049,0.0,0.0,0.0,0.0,0.0,0.0
离网无储能,风电3-光伏1,3,1,18,17:00-18:00,3.1398,12.347999999999999,24.32,12.297777777777725,20.00000000000005,1.2304222222222223,-0.0,0.0,0.0,0.0,0.0,0.0,0.0,0.0
离网无储能,风电3-光伏1,3,1,19,18:00-19:00,2.61,12.152000000000001,11.52,2.0000000000000284,18.261538461538436,0.8004615384615384,-0.0,0.0,0.0,0.0,0.0,0.0,0.0,0.0
离网无储能,风电3-光伏1,3,1,20,19:00-20:00,2.1198,9.236,0.0,0.0,6.842500000000001,0.27370000000000005,0.0,-0.0,0.0,0.0,0.0,0.0,0.0,0.0
离网无储能,风电3-光伏1,3,1,21,20:00-21:00,1.8599999999999999,7.228,0.0,0.0,5.161538461538462,0.20646153846153847,0.0,-0.0,0.0,0.0,0.0,0.0,0.0,0.0
离网无储能,风电3-光伏1,3,1,22,21:00-22:00,1.6301999999999999,6.252,0.0,0.0,4.444038461538462,0.17776153846153847,0.0,-0.0,0.0,0.0,0.0,0.0,0.0,0.0
离网无储能,风电3-光伏1,3,1,23,22:00-23:00,1.56,6.452,0.0,0.0,4.703846153846153,0.18815384615384612,0.0,-0.0,0.0,0.0,0.0,0.0,0.0,0.0
离网无储能,风电3-光伏1,3,1,24,23:00-24:00,1.4802,7.972,0.0,0.0,6.242115384615385,0.2496846153846154,0.0,-0.0,0.0,0.0,0.0,0.0,0.0,0.0
离网无储能,风电3-光伏2,3,2,1,0:00-1:00,1.3698000000000001,11.904,0.0,0.0,10.129038461538462,0.40516153846153846,0.0,-0.0,0.0,0.0,0.0,0.0,0.0,0.0
离网无储能,风电3-光伏2,3,2,2,1:00-2:00,1.0997999999999999,13.384,0.0,0.0,11.811730769230769,0.47246923076923075,0.0,-0.0,0.0,0.0,0.0,0.0,0.0,0.0
离网无储能,风电3-光伏2,3,2,3,2:00-3:00,0.7998000000000001,14.268,0.0,0.0,12.950192307692308,0.5180076923076924,0.0,-0.0,0.0,0.0,0.0,0.0,0.0,0.0
离网无储能,风电3-光伏2,3,2,4,3:00-4:00,0.99,15.72,0.0,0.0,14.163461538461538,0.5665384615384615,0.0,-0.0,0.0,0.0,0.0,0.0,0.0,0.0
离网无储能,风电3-光伏2,3,2,5,4:00-5:00,1.1802000000000001,15.088,0.0,0.0,13.372884615384613,0.5349153846153846,0.0,-0.0,0.0,0.0,0.0,0.0,0.0,0.0
离网无储能,风电3-光伏2,3,2,6,5:00-6:00,1.6301999999999999,13.475999999999999,0.0,0.0,11.390192307692306,0.45560769230769227,0.0,-0.0,0.0,0.0,0.0,0.0,0.0,0.0
离网无储能,风电3-光伏2,3,2,7,6:00-7:00,2.5002,13.832,0.0,0.0,10.89596153846154,0.4358384615384616,0.0,-0.0,0.0,0.0,0.0,0.0,0.0,0.0
离网无储能,风电3-光伏2,3,2,8,7:00-8:00,3.3701999999999996,12.76,3.2,0.0,12.105576923076923,0.4842230769230769,0.0,-0.0,0.0,0.0,0.0,0.0,0.0,0.0
离网无储能,风电3-光伏2,3,2,9,8:00-9:00,4.0098,10.712,10.88,0.0,16.90596153846154,0.6762384615384616,0.0,-0.0,0.0,0.0,0.0,0.0,0.0,0.0
离网无储能,风电3-光伏2,3,2,10,9:00-10:00,4.199999999999999,11.916,17.92,4.672463768115961,19.999999999999986,0.963536231884058,-0.0,0.0,0.0,0.0,0.0,0.0,0.0,0.0
离网无储能,风电3-光伏2,3,2,11,10:00-11:00,4.1202,8.804,24.96,8.544734299516904,20.000000000000007,1.099065700483092,-0.0,0.0,0.0,0.0,0.0,0.0,0.0,0.0
离网无储能,风电3-光伏2,3,2,12,11:00-12:00,3.9000000000000004,9.3,31.36,15.42028985507244,20.00000000000002,1.3397101449275362,-0.0,0.0,0.0,0.0,0.0,0.0,0.0,0.0
离网无储能,风电3-光伏2,3,2,13,12:00-13:00,3.2598000000000003,9.012,35.84,20.0,20.0,1.5,0.0,0.09220000000000539,0.0,0.0,0.0,0.0,0.0,0.0
离网无储能,风电3-光伏2,3,2,14,13:00-14:00,2.6898,10.704,37.12,20.0,20.0,1.5,0.0,3.6342,0.0,0.0,0.0,0.0,0.0,0.0
离网无储能,风电3-光伏2,3,2,15,14:00-15:00,3.63,10.604,32.0,17.559420289855098,19.99999999999997,1.4145797101449273,-0.0,0.0,0.0,0.0,0.0,0.0,0.0,0.0
离网无储能,风电3-光伏2,3,2,16,15:00-16:00,3.8202000000000003,14.552,25.6,15.006570048309186,19.999999999999993,1.3252299516908213,-0.0,0.0,0.0,0.0,0.0,0.0,0.0,0.0
离网无储能,风电3-光伏2,3,2,17,16:00-17:00,3.75,13.724,19.2,8.090821256038652,19.999999999999996,1.0831787439613527,-0.0,0.0,0.0,0.0,0.0,0.0,0.0,0.0
离网无储能,风电3-光伏2,3,2,18,17:00-18:00,3.1398,12.347999999999999,9.6,0.0,18.08480769230769,0.7233923076923077,0.0,-0.0,0.0,0.0,0.0,0.0,0.0,0.0
离网无储能,风电3-光伏2,3,2,19,18:00-19:00,2.61,12.152000000000001,3.2,0.0,12.251923076923077,0.4900769230769231,0.0,-0.0,0.0,0.0,0.0,0.0,0.0,0.0
离网无储能,风电3-光伏2,3,2,20,19:00-20:00,2.1198,9.236,0.0,0.0,6.842500000000001,0.27370000000000005,0.0,-0.0,0.0,0.0,0.0,0.0,0.0,0.0
离网无储能,风电3-光伏2,3,2,21,20:00-21:00,1.8599999999999999,7.228,0.0,0.0,5.161538461538462,0.20646153846153847,0.0,-0.0,0.0,0.0,0.0,0.0,0.0,0.0
离网无储能,风电3-光伏2,3,2,22,21:00-22:00,1.6301999999999999,6.252,0.0,0.0,4.444038461538462,0.17776153846153847,0.0,-0.0,0.0,0.0,0.0,0.0,0.0,0.0
离网无储能,风电3-光伏2,3,2,23,22:00-23:00,1.56,6.452,0.0,0.0,4.703846153846153,0.18815384615384612,0.0,-0.0,0.0,0.0,0.0,0.0,0.0,0.0
离网无储能,风电3-光伏2,3,2,24,23:00-24:00,1.4802,7.972,0.0,0.0,6.242115384615385,0.2496846153846154,0.0,-0.0,0.0,0.0,0.0,0.0,0.0,0.0
离网无储能,风电3-光伏3,3,3,1,0:00-1:00,1.3698000000000001,11.904,0.0,0.0,10.129038461538462,0.40516153846153846,0.0,-0.0,0.0,0.0,0.0,0.0,0.0,0.0
离网无储能,风电3-光伏3,3,3,2,1:00-2:00,1.0997999999999999,13.384,0.0,0.0,11.811730769230769,0.47246923076923075,0.0,-0.0,0.0,0.0,0.0,0.0,0.0,0.0
离网无储能,风电3-光伏3,3,3,3,2:00-3:00,0.7998000000000001,14.268,0.0,0.0,12.950192307692308,0.5180076923076924,0.0,-0.0,0.0,0.0,0.0,0.0,0.0,0.0
离网无储能,风电3-光伏3,3,3,4,3:00-4:00,0.99,15.72,0.0,0.0,14.163461538461538,0.5665384615384615,0.0,-0.0,0.0,0.0,0.0,0.0,0.0,0.0
离网无储能,风电3-光伏3,3,3,5,4:00-5:00,1.1802000000000001,15.088,0.0,0.0,13.372884615384613,0.5349153846153846,0.0,-0.0,0.0,0.0,0.0,0.0,0.0,0.0
离网无储能,风电3-光伏3,3,3,6,5:00-6:00,1.6301999999999999,13.475999999999999,0.0,0.0,11.390192307692306,0.45560769230769227,0.0,-0.0,0.0,0.0,0.0,0.0,0.0,0.0
离网无储能,风电3-光伏3,3,3,7,6:00-7:00,2.5002,13.832,0.0,0.0,10.89596153846154,0.4358384615384616,0.0,-0.0,0.0,0.0,0.0,0.0,0.0,0.0
离网无储能,风电3-光伏3,3,3,8,7:00-8:00,3.3701999999999996,12.76,1.28,0.0,10.259423076923076,0.41037692307692303,0.0,-0.0,0.0,0.0,0.0,0.0,0.0,0.0
离网无储能,风电3-光伏3,3,3,9,8:00-9:00,4.0098,10.712,3.2,0.0,9.521346153846153,0.3808538461538461,0.0,-0.0,0.0,0.0,0.0,0.0,0.0,0.0
离网无储能,风电3-光伏3,3,3,10,9:00-10:00,4.199999999999999,11.916,5.12,0.0,12.342307692307694,0.49369230769230776,0.0,-0.0,0.0,0.0,0.0,0.0,0.0,0.0
离网无储能,风电3-光伏3,3,3,11,10:00-11:00,4.1202,8.804,7.68,0.0,11.888269230769232,0.4755307692307693,0.0,-0.0,0.0,0.0,0.0,0.0,0.0,0.0
离网无储能,风电3-光伏3,3,3,12,11:00-12:00,3.9000000000000004,9.3,11.52,0.0,16.26923076923077,0.6507692307692308,0.0,-0.0,0.0,0.0,0.0,0.0,0.0,0.0
离网无储能,风电3-光伏3,3,3,13,12:00-13:00,3.2598000000000003,9.012,14.08,0.0,19.069423076923076,0.762776923076923,0.0,-0.0,0.0,0.0,0.0,0.0,0.0,0.0
离网无储能,风电3-光伏3,3,3,14,13:00-14:00,2.6898,10.704,14.08,2.0000000000000284,19.254038461538435,0.8401615384615384,-0.0,0.0,0.0,0.0,0.0,0.0,0.0,0.0
离网无储能,风电3-光伏3,3,3,15,14:00-15:00,3.63,10.604,11.52,0.0,17.782692307692308,0.7113076923076923,0.0,-0.0,0.0,0.0,0.0,0.0,0.0,0.0
离网无储能,风电3-光伏3,3,3,16,15:00-16:00,3.8202000000000003,14.552,7.04,0.0,17.088269230769228,0.6835307692307692,0.0,-0.0,0.0,0.0,0.0,0.0,0.0,0.0
离网无储能,风电3-光伏3,3,3,17,16:00-17:00,3.75,13.724,5.12,0.0,14.51346153846154,0.5805384615384616,0.0,-0.0,0.0,0.0,0.0,0.0,0.0,0.0
离网无储能,风电3-光伏3,3,3,18,17:00-18:00,3.1398,12.347999999999999,3.2,0.0,11.930961538461537,0.4772384615384614,0.0,-0.0,0.0,0.0,0.0,0.0,0.0,0.0
离网无储能,风电3-光伏3,3,3,19,18:00-19:00,2.61,12.152000000000001,1.28,0.0,10.405769230769232,0.41623076923076924,0.0,-0.0,0.0,0.0,0.0,0.0,0.0,0.0
离网无储能,风电3-光伏3,3,3,20,19:00-20:00,2.1198,9.236,0.0,0.0,6.842500000000001,0.27370000000000005,0.0,-0.0,0.0,0.0,0.0,0.0,0.0,0.0
离网无储能,风电3-光伏3,3,3,21,20:00-21:00,1.8599999999999999,7.228,0.0,0.0,5.161538461538462,0.20646153846153847,0.0,-0.0,0.0,0.0,0.0,0.0,0.0,0.0
离网无储能,风电3-光伏3,3,3,22,21:00-22:00,1.6301999999999999,6.252,0.0,0.0,4.444038461538462,0.17776153846153847,0.0,-0.0,0.0,0.0,0.0,0.0,0.0,0.0
离网无储能,风电3-光伏3,3,3,23,22:00-23:00,1.56,6.452,0.0,0.0,4.703846153846153,0.18815384615384612,0.0,-0.0,0.0,0.0,0.0,0.0,0.0,0.0
离网无储能,风电3-光伏3,3,3,24,23:00-24:00,1.4802,7.972,0.0,0.0,6.242115384615385,0.2496846153846154,0.0,-0.0,0.0,0.0,0.0,0.0,0.0,0.0
离网无储能,风电3-光伏4,3,4,1,0:00-1:00,1.3698000000000001,11.904,0.0,0.0,10.129038461538462,0.40516153846153846,0.0,-0.0,0.0,0.0,0.0,0.0,0.0,0.0
离网无储能,风电3-光伏4,3,4,2,1:00-2:00,1.0997999999999999,13.384,0.0,0.0,11.811730769230769,0.47246923076923075,0.0,-0.0,0.0,0.0,0.0,0.0,0.0,0.0
离网无储能,风电3-光伏4,3,4,3,2:00-3:00,0.7998000000000001,14.268,0.0,0.0,12.950192307692308,0.5180076923076924,0.0,-0.0,0.0,0.0,0.0,0.0,0.0,0.0
离网无储能,风电3-光伏4,3,4,4,3:00-4:00,0.99,15.72,0.0,0.0,14.163461538461538,0.5665384615384615,0.0,-0.0,0.0,0.0,0.0,0.0,0.0,0.0
离网无储能,风电3-光伏4,3,4,5,4:00-5:00,1.1802000000000001,15.088,0.0,0.0,13.372884615384613,0.5349153846153846,0.0,-0.0,0.0,0.0,0.0,0.0,0.0,0.0
离网无储能,风电3-光伏4,3,4,6,5:00-6:00,1.6301999999999999,13.475999999999999,0.0,0.0,11.390192307692306,0.45560769230769227,0.0,-0.0,0.0,0.0,0.0,0.0,0.0,0.0
离网无储能,风电3-光伏4,3,4,7,6:00-7:00,2.5002,13.832,0.0,0.0,10.89596153846154,0.4358384615384616,0.0,-0.0,0.0,0.0,0.0,0.0,0.0,0.0
离网无储能,风电3-光伏4,3,4,8,7:00-8:00,3.3701999999999996,12.76,0.0,0.0,9.028653846153848,0.3611461538461539,0.0,-0.0,0.0,0.0,0.0,0.0,0.0,0.0
离网无储能,风电3-光伏4,3,4,9,8:00-9:00,4.0098,10.712,0.0,0.0,6.444423076923076,0.25777692307692307,0.0,-0.0,0.0,0.0,0.0,0.0,0.0,0.0
离网无储能,风电3-光伏4,3,4,10,9:00-10:00,4.199999999999999,11.916,0.0,0.0,7.41923076923077,0.29676923076923084,0.0,-0.0,0.0,0.0,0.0,0.0,0.0,0.0
离网无储能,风电3-光伏4,3,4,11,10:00-11:00,4.1202,8.804,0.0,0.0,4.5036538461538465,0.18014615384615384,0.0,-0.0,0.0,0.0,0.0,0.0,0.0,0.0
离网无储能,风电3-光伏4,3,4,12,11:00-12:00,3.9000000000000004,9.3,1.28,0.0,6.4230769230769225,0.2569230769230769,0.0,-0.0,0.0,0.0,0.0,0.0,0.0,0.0
离网无储能,风电3-光伏4,3,4,13,12:00-13:00,3.2598000000000003,9.012,5.12,0.0,10.454038461538463,0.41816153846153853,0.0,-0.0,0.0,0.0,0.0,0.0,0.0,0.0
离网无储能,风电3-光伏4,3,4,14,13:00-14:00,2.6898,10.704,7.68,0.0,15.090576923076924,0.6036230769230769,0.0,-0.0,0.0,0.0,0.0,0.0,0.0,0.0
离网无储能,风电3-光伏4,3,4,15,14:00-15:00,3.63,10.604,5.12,0.0,11.628846153846155,0.4651538461538462,0.0,-0.0,0.0,0.0,0.0,0.0,0.0,0.0
离网无储能,风电3-光伏4,3,4,16,15:00-16:00,3.8202000000000003,14.552,1.28,0.0,11.549807692307692,0.46199230769230765,0.0,-0.0,0.0,0.0,0.0,0.0,0.0,0.0
离网无储能,风电3-光伏4,3,4,17,16:00-17:00,3.75,13.724,0.0,0.0,9.590384615384616,0.3836153846153846,0.0,-0.0,0.0,0.0,0.0,0.0,0.0,0.0
离网无储能,风电3-光伏4,3,4,18,17:00-18:00,3.1398,12.347999999999999,0.0,0.0,8.85403846153846,0.3541615384615384,0.0,-0.0,0.0,0.0,0.0,0.0,0.0,0.0
离网无储能,风电3-光伏4,3,4,19,18:00-19:00,2.61,12.152000000000001,0.0,0.0,9.175,0.36700000000000005,0.0,-0.0,0.0,0.0,0.0,0.0,0.0,0.0
离网无储能,风电3-光伏4,3,4,20,19:00-20:00,2.1198,9.236,0.0,0.0,6.842500000000001,0.27370000000000005,0.0,-0.0,0.0,0.0,0.0,0.0,0.0,0.0
离网无储能,风电3-光伏4,3,4,21,20:00-21:00,1.8599999999999999,7.228,0.0,0.0,5.161538461538462,0.20646153846153847,0.0,-0.0,0.0,0.0,0.0,0.0,0.0,0.0
离网无储能,风电3-光伏4,3,4,22,21:00-22:00,1.6301999999999999,6.252,0.0,0.0,4.444038461538462,0.17776153846153847,0.0,-0.0,0.0,0.0,0.0,0.0,0.0,0.0
离网无储能,风电3-光伏4,3,4,23,22:00-23:00,1.56,6.452,0.0,0.0,4.703846153846153,0.18815384615384612,0.0,-0.0,0.0,0.0,0.0,0.0,0.0,0.0
离网无储能,风电3-光伏4,3,4,24,23:00-24:00,1.4802,7.972,0.0,0.0,6.242115384615385,0.2496846153846154,0.0,-0.0,0.0,0.0,0.0,0.0,0.0,0.0
离网无储能,风电4-光伏1,4,1,1,0:00-1:00,1.3698000000000001,13.495999999999999,0.0,0.0,11.659807692307691,0.46639230769230766,0.0,-0.0,0.0,0.0,0.0,0.0,0.0,0.0
离网无储能,风电4-光伏1,4,1,2,1:00-2:00,1.0997999999999999,14.084000000000001,0.0,0.0,12.484807692307694,0.49939230769230775,0.0,-0.0,0.0,0.0,0.0,0.0,0.0,0.0
离网无储能,风电4-光伏1,4,1,3,2:00-3:00,0.7998000000000001,13.091999999999999,0.0,0.0,11.819423076923076,0.47277692307692304,0.0,-0.0,0.0,0.0,0.0,0.0,0.0,0.0
离网无储能,风电4-光伏1,4,1,4,3:00-4:00,0.99,20.168,0.0,0.0,18.440384615384616,0.7376153846153847,0.0,-0.0,0.0,0.0,0.0,0.0,0.0,0.0
离网无储能,风电4-光伏1,4,1,5,4:00-5:00,1.1802000000000001,19.276,0.0,0.0,17.399807692307693,0.6959923076923077,0.0,-0.0,0.0,0.0,0.0,0.0,0.0,0.0
离网无储能,风电4-光伏1,4,1,6,5:00-6:00,1.6301999999999999,23.08,0.0,2.0000000000000284,18.63442307692305,0.815376923076923,-0.0,0.0,0.0,0.0,0.0,0.0,0.0,0.0
离网无储能,风电4-光伏1,4,1,7,6:00-7:00,2.5002,28.355999999999998,14.08,18.48869565217393,19.999999999999986,1.447104347826087,-0.0,0.0,0.0,0.0,0.0,0.0,0.0,0.0
离网无储能,风电4-光伏1,4,1,8,7:00-8:00,3.3701999999999996,26.36,25.6,20.0,20.0,1.5,0.0,7.089800000000004,0.0,0.0,0.0,0.0,0.0,0.0
离网无储能,风电4-光伏1,4,1,9,8:00-9:00,4.0098,25.076,37.12,20.0,20.0,1.5,0.0,16.6862,0.0,0.0,0.0,0.0,0.0,0.0
离网无储能,风电4-光伏1,4,1,10,9:00-10:00,4.199999999999999,22.112,46.08,20.0,20.0,1.5,0.0,22.49199999999999,0.0,0.0,0.0,0.0,0.0,0.0
离网无储能,风电4-光伏1,4,1,11,10:00-11:00,4.1202,8.995999999999999,52.48,20.0,20.0,1.5,0.0,15.855800000000002,0.0,0.0,0.0,0.0,0.0,0.0
离网无储能,风电4-光伏1,4,1,12,11:00-12:00,3.9000000000000004,7.652,55.04,20.0,20.0,1.5,0.0,17.292,0.0,0.0,0.0,0.0,0.0,0.0
离网无储能,风电4-光伏1,4,1,13,12:00-13:00,3.2598000000000003,10.815999999999999,56.32,20.0,20.0,1.5,0.0,22.376199999999997,0.0,0.0,0.0,0.0,0.0,0.0
离网无储能,风电4-光伏1,4,1,14,13:00-14:00,2.6898,10.952,56.32,20.0,20.0,1.5,0.0,23.0822,0.0,0.0,0.0,0.0,0.0,0.0
离网无储能,风电4-光伏1,4,1,15,14:00-15:00,3.63,15.152000000000001,52.48,20.0,20.0,1.5,0.0,22.50200000000001,0.0,0.0,0.0,0.0,0.0,0.0
离网无储能,风电4-光伏1,4,1,16,15:00-16:00,3.8202000000000003,21.66,44.8,20.0,20.0,1.5,0.0,21.139799999999994,0.0,0.0,0.0,0.0,0.0,0.0
离网无储能,风电4-光伏1,4,1,17,16:00-17:00,3.75,17.16,33.28,20.0,20.0,1.5,0.0,5.189999999999998,0.0,0.0,0.0,0.0,0.0,0.0
离网无储能,风电4-光伏1,4,1,18,17:00-18:00,3.1398,16.612000000000002,24.32,16.41758454106281,19.999999999999993,1.374615458937198,-0.0,0.0,0.0,0.0,0.0,0.0,0.0,0.0
离网无储能,风电4-光伏1,4,1,19,18:00-19:00,2.61,15.328,11.52,3.3217391304347927,19.99999999999999,0.9162608695652174,-0.0,0.0,0.0,0.0,0.0,0.0,0.0,0.0
离网无储能,风电4-光伏1,4,1,20,19:00-20:00,2.1198,9.416,0.0,0.0,7.015576923076924,0.2806230769230769,0.0,-0.0,0.0,0.0,0.0,0.0,0.0,0.0
离网无储能,风电4-光伏1,4,1,21,20:00-21:00,1.8599999999999999,8.808,0.0,0.0,6.680769230769231,0.2672307692307692,0.0,-0.0,0.0,0.0,0.0,0.0,0.0,0.0
离网无储能,风电4-光伏1,4,1,22,21:00-22:00,1.6301999999999999,5.215999999999999,0.0,0.0,0.0,0.0,0.0,3.5857999999999994,0.0,0.0,0.0,0.0,0.0,0.0
离网无储能,风电4-光伏1,4,1,23,22:00-23:00,1.56,6.151999999999999,0.0,0.0,4.415384615384614,0.17661538461538456,0.0,-0.0,0.0,0.0,0.0,0.0,0.0,0.0
离网无储能,风电4-光伏1,4,1,24,23:00-24:00,1.4802,8.464,0.0,0.0,6.715192307692308,0.2686076923076923,0.0,-0.0,0.0,0.0,0.0,0.0,0.0,0.0
离网无储能,风电4-光伏2,4,2,1,0:00-1:00,1.3698000000000001,13.495999999999999,0.0,0.0,11.659807692307691,0.46639230769230766,0.0,-0.0,0.0,0.0,0.0,0.0,0.0,0.0
离网无储能,风电4-光伏2,4,2,2,1:00-2:00,1.0997999999999999,14.084000000000001,0.0,0.0,12.484807692307694,0.49939230769230775,0.0,-0.0,0.0,0.0,0.0,0.0,0.0,0.0
离网无储能,风电4-光伏2,4,2,3,2:00-3:00,0.7998000000000001,13.091999999999999,0.0,0.0,11.819423076923076,0.47277692307692304,0.0,-0.0,0.0,0.0,0.0,0.0,0.0,0.0
离网无储能,风电4-光伏2,4,2,4,3:00-4:00,0.99,20.168,0.0,0.0,18.440384615384616,0.7376153846153847,0.0,-0.0,0.0,0.0,0.0,0.0,0.0,0.0
离网无储能,风电4-光伏2,4,2,5,4:00-5:00,1.1802000000000001,19.276,0.0,0.0,17.399807692307693,0.6959923076923077,0.0,-0.0,0.0,0.0,0.0,0.0,0.0,0.0
离网无储能,风电4-光伏2,4,2,6,5:00-6:00,1.6301999999999999,23.08,0.0,2.0000000000000284,18.63442307692305,0.815376923076923,-0.0,0.0,0.0,0.0,0.0,0.0,0.0,0.0
离网无储能,风电4-光伏2,4,2,7,6:00-7:00,2.5002,28.355999999999998,0.0,4.88483091787441,19.999999999999986,0.9709690821256038,-0.0,0.0,0.0,0.0,0.0,0.0,0.0,0.0
离网无储能,风电4-光伏2,4,2,8,7:00-8:00,3.3701999999999996,26.36,3.2,5.207536231884035,20.00000000000002,0.9822637681159421,-0.0,0.0,0.0,0.0,0.0,0.0,0.0,0.0
离网无储能,风电4-光伏2,4,2,9,8:00-9:00,4.0098,25.076,10.88,10.769275362318837,20.000000000000007,1.1769246376811595,-0.0,0.0,0.0,0.0,0.0,0.0,0.0,0.0
离网无储能,风电4-光伏2,4,2,10,9:00-10:00,4.199999999999999,22.112,17.92,14.52367149758453,20.000000000000007,1.308328502415459,-0.0,0.0,0.0,0.0,0.0,0.0,0.0,0.0
离网无储能,风电4-光伏2,4,2,11,10:00-11:00,4.1202,8.995999999999999,24.96,8.730241545893733,19.99999999999999,1.1055584541062802,-0.0,0.0,0.0,0.0,0.0,0.0,0.0,0.0
离网无储能,风电4-光伏2,4,2,12,11:00-12:00,3.9000000000000004,7.652,31.36,13.82801932367147,20.00000000000003,1.2839806763285027,-0.0,0.0,0.0,0.0,0.0,0.0,0.0,0.0
离网无储能,风电4-光伏2,4,2,13,12:00-13:00,3.2598000000000003,10.815999999999999,35.84,20.0,20.0,1.5,0.0,1.8962000000000074,0.0,0.0,0.0,0.0,0.0,0.0
离网无储能,风电4-光伏2,4,2,14,13:00-14:00,2.6898,10.952,37.12,20.0,20.0,1.5,0.0,3.8821999999999974,0.0,0.0,0.0,0.0,0.0,0.0
离网无储能,风电4-光伏2,4,2,15,14:00-15:00,3.63,15.152000000000001,32.0,20.0,20.0,1.5,0.0,2.0219999999999985,0.0,0.0,0.0,0.0,0.0,0.0
离网无储能,风电4-光伏2,4,2,16,15:00-16:00,3.8202000000000003,21.66,25.6,20.0,20.0,1.5,0.0,1.9398000000000053,0.0,0.0,0.0,0.0,0.0,0.0
离网无储能,风电4-光伏2,4,2,17,16:00-17:00,3.75,17.16,19.2,11.410628019323667,20.000000000000004,1.1993719806763286,-0.0,0.0,0.0,0.0,0.0,0.0,0.0,0.0
离网无储能,风电4-光伏2,4,2,18,17:00-18:00,3.1398,16.612000000000002,9.6,2.19536231884058,20.000000000000004,0.8768376811594204,-0.0,0.0,0.0,0.0,0.0,0.0,0.0,0.0
离网无储能,风电4-光伏2,4,2,19,18:00-19:00,2.61,15.328,3.2,0.0,15.30576923076923,0.6122307692307691,0.0,-0.0,0.0,0.0,0.0,0.0,0.0,0.0
离网无储能,风电4-光伏2,4,2,20,19:00-20:00,2.1198,9.416,0.0,0.0,7.015576923076924,0.2806230769230769,0.0,-0.0,0.0,0.0,0.0,0.0,0.0,0.0
离网无储能,风电4-光伏2,4,2,21,20:00-21:00,1.8599999999999999,8.808,0.0,0.0,6.680769230769231,0.2672307692307692,0.0,-0.0,0.0,0.0,0.0,0.0,0.0,0.0
离网无储能,风电4-光伏2,4,2,22,21:00-22:00,1.6301999999999999,5.215999999999999,0.0,0.0,0.0,0.0,0.0,3.5857999999999994,0.0,0.0,0.0,0.0,0.0,0.0
离网无储能,风电4-光伏2,4,2,23,22:00-23:00,1.56,6.151999999999999,0.0,0.0,4.415384615384614,0.17661538461538456,0.0,-0.0,0.0,0.0,0.0,0.0,0.0,0.0
离网无储能,风电4-光伏2,4,2,24,23:00-24:00,1.4802,8.464,0.0,0.0,6.715192307692308,0.2686076923076923,0.0,-0.0,0.0,0.0,0.0,0.0,0.0,0.0
离网无储能,风电4-光伏3,4,3,1,0:00-1:00,1.3698000000000001,13.495999999999999,0.0,0.0,11.659807692307691,0.46639230769230766,0.0,-0.0,0.0,0.0,0.0,0.0,0.0,0.0
离网无储能,风电4-光伏3,4,3,2,1:00-2:00,1.0997999999999999,14.084000000000001,0.0,0.0,12.484807692307694,0.49939230769230775,0.0,-0.0,0.0,0.0,0.0,0.0,0.0,0.0
离网无储能,风电4-光伏3,4,3,3,2:00-3:00,0.7998000000000001,13.091999999999999,0.0,0.0,11.819423076923076,0.47277692307692304,0.0,-0.0,0.0,0.0,0.0,0.0,0.0,0.0
离网无储能,风电4-光伏3,4,3,4,3:00-4:00,0.99,20.168,0.0,0.0,18.440384615384616,0.7376153846153847,0.0,-0.0,0.0,0.0,0.0,0.0,0.0,0.0
离网无储能,风电4-光伏3,4,3,5,4:00-5:00,1.1802000000000001,19.276,0.0,0.0,17.399807692307693,0.6959923076923077,0.0,-0.0,0.0,0.0,0.0,0.0,0.0,0.0
离网无储能,风电4-光伏3,4,3,6,5:00-6:00,1.6301999999999999,23.08,0.0,2.0000000000000284,18.63442307692305,0.815376923076923,-0.0,0.0,0.0,0.0,0.0,0.0,0.0,0.0
离网无储能,风电4-光伏3,4,3,7,6:00-7:00,2.5002,28.355999999999998,0.0,4.88483091787441,19.999999999999986,0.9709690821256038,-0.0,0.0,0.0,0.0,0.0,0.0,0.0,0.0
离网无储能,风电4-光伏3,4,3,8,7:00-8:00,3.3701999999999996,26.36,1.28,3.352463768115939,20.000000000000004,0.917336231884058,-0.0,0.0,0.0,0.0,0.0,0.0,0.0,0.0
离网无储能,风电4-光伏3,4,3,9,8:00-9:00,4.0098,25.076,3.2,3.3489855072463683,20.000000000000007,0.9172144927536232,-0.0,0.0,0.0,0.0,0.0,0.0,0.0,0.0
离网无储能,风电4-光伏3,4,3,10,9:00-10:00,4.199999999999999,22.112,5.12,2.1565217391304543,19.999999999999982,0.8754782608695652,-0.0,0.0,0.0,0.0,0.0,0.0,0.0,0.0
离网无储能,风电4-光伏3,4,3,11,10:00-11:00,4.1202,8.995999999999999,7.68,0.0,12.072884615384613,0.4829153846153845,0.0,-0.0,0.0,0.0,0.0,0.0,0.0,0.0
离网无储能,风电4-光伏3,4,3,12,11:00-12:00,3.9000000000000004,7.652,11.52,0.0,14.684615384615384,0.5873846153846154,0.0,-0.0,0.0,0.0,0.0,0.0,0.0,0.0
离网无储能,风电4-光伏3,4,3,13,12:00-13:00,3.2598000000000003,10.815999999999999,14.08,2.0,18.813653846153848,0.8225461538461539,-0.0,0.0,0.0,0.0,0.0,0.0,0.0,0.0
离网无储能,风电4-光伏3,4,3,14,13:00-14:00,2.6898,10.952,14.08,2.0000000000000284,19.49249999999997,0.8496999999999999,-0.0,0.0,0.0,0.0,0.0,0.0,0.0,0.0
离网无储能,风电4-光伏3,4,3,15,14:00-15:00,3.63,15.152000000000001,11.52,2.166183574879227,20.0,0.875816425120773,-0.0,0.0,0.0,0.0,0.0,0.0,0.0,0.0
离网无储能,风电4-光伏3,4,3,16,15:00-16:00,3.8202000000000003,21.66,7.04,3.9418357487922435,20.000000000000025,0.9379642512077295,-0.0,0.0,0.0,0.0,0.0,0.0,0.0,0.0
离网无储能,风电4-光伏3,4,3,17,16:00-17:00,3.75,17.16,5.12,0.0,17.817307692307693,0.7126923076923077,0.0,-0.0,0.0,0.0,0.0,0.0,0.0,0.0
离网无储能,风电4-光伏3,4,3,18,17:00-18:00,3.1398,16.612000000000002,3.2,0.0,16.03096153846154,0.6412384615384614,0.0,-0.0,0.0,0.0,0.0,0.0,0.0,0.0
离网无储能,风电4-光伏3,4,3,19,18:00-19:00,2.61,15.328,1.28,0.0,13.459615384615386,0.5383846153846155,0.0,-0.0,0.0,0.0,0.0,0.0,0.0,0.0
离网无储能,风电4-光伏3,4,3,20,19:00-20:00,2.1198,9.416,0.0,0.0,7.015576923076924,0.2806230769230769,0.0,-0.0,0.0,0.0,0.0,0.0,0.0,0.0
离网无储能,风电4-光伏3,4,3,21,20:00-21:00,1.8599999999999999,8.808,0.0,0.0,6.680769230769231,0.2672307692307692,0.0,-0.0,0.0,0.0,0.0,0.0,0.0,0.0
离网无储能,风电4-光伏3,4,3,22,21:00-22:00,1.6301999999999999,5.215999999999999,0.0,0.0,0.0,0.0,0.0,3.5857999999999994,0.0,0.0,0.0,0.0,0.0,0.0
离网无储能,风电4-光伏3,4,3,23,22:00-23:00,1.56,6.151999999999999,0.0,0.0,4.415384615384614,0.17661538461538456,0.0,-0.0,0.0,0.0,0.0,0.0,0.0,0.0
离网无储能,风电4-光伏3,4,3,24,23:00-24:00,1.4802,8.464,0.0,0.0,6.715192307692308,0.2686076923076923,0.0,-0.0,0.0,0.0,0.0,0.0,0.0,0.0
离网无储能,风电4-光伏4,4,4,1,0:00-1:00,1.3698000000000001,13.495999999999999,0.0,0.0,11.659807692307691,0.46639230769230766,0.0,-0.0,0.0,0.0,0.0,0.0,0.0,0.0
离网无储能,风电4-光伏4,4,4,2,1:00-2:00,1.0997999999999999,14.084000000000001,0.0,0.0,12.484807692307694,0.49939230769230775,0.0,-0.0,0.0,0.0,0.0,0.0,0.0,0.0
离网无储能,风电4-光伏4,4,4,3,2:00-3:00,0.7998000000000001,13.091999999999999,0.0,0.0,11.819423076923076,0.47277692307692304,0.0,-0.0,0.0,0.0,0.0,0.0,0.0,0.0
离网无储能,风电4-光伏4,4,4,4,3:00-4:00,0.99,20.168,0.0,0.0,18.440384615384616,0.7376153846153847,0.0,-0.0,0.0,0.0,0.0,0.0,0.0,0.0
离网无储能,风电4-光伏4,4,4,5,4:00-5:00,1.1802000000000001,19.276,0.0,0.0,17.399807692307693,0.6959923076923077,0.0,-0.0,0.0,0.0,0.0,0.0,0.0,0.0
离网无储能,风电4-光伏4,4,4,6,5:00-6:00,1.6301999999999999,23.08,0.0,2.0000000000000284,18.63442307692305,0.815376923076923,-0.0,0.0,0.0,0.0,0.0,0.0,0.0,0.0
离网无储能,风电4-光伏4,4,4,7,6:00-7:00,2.5002,28.355999999999998,0.0,4.88483091787441,19.999999999999986,0.9709690821256038,-0.0,0.0,0.0,0.0,0.0,0.0,0.0,0.0
离网无储能,风电4-光伏4,4,4,8,7:00-8:00,3.3701999999999996,26.36,0.0,2.115748792270523,20.000000000000007,0.8740512077294685,-0.0,0.0,0.0,0.0,0.0,0.0,0.0,0.0
离网无储能,风电4-光伏4,4,4,9,8:00-9:00,4.0098,25.076,0.0,2.0,18.265576923076924,0.800623076923077,-0.0,0.0,0.0,0.0,0.0,0.0,0.0,0.0
离网无储能,风电4-光伏4,4,4,10,9:00-10:00,4.199999999999999,22.112,0.0,0.0,17.22307692307692,0.6889230769230769,0.0,-0.0,0.0,0.0,0.0,0.0,0.0,0.0
离网无储能,风电4-光伏4,4,4,11,10:00-11:00,4.1202,8.995999999999999,0.0,0.0,4.6882692307692295,0.18753076923076917,0.0,-0.0,0.0,0.0,0.0,0.0,0.0,0.0
离网无储能,风电4-光伏4,4,4,12,11:00-12:00,3.9000000000000004,7.652,1.28,0.0,4.838461538461538,0.19353846153846152,0.0,-0.0,0.0,0.0,0.0,0.0,0.0,0.0
离网无储能,风电4-光伏4,4,4,13,12:00-13:00,3.2598000000000003,10.815999999999999,5.12,0.0,12.188653846153846,0.48754615384615385,0.0,-0.0,0.0,0.0,0.0,0.0,0.0,0.0
离网无储能,风电4-光伏4,4,4,14,13:00-14:00,2.6898,10.952,7.68,0.0,15.32903846153846,0.6131615384615384,0.0,-0.0,0.0,0.0,0.0,0.0,0.0,0.0
离网无储能,风电4-光伏4,4,4,15,14:00-15:00,3.63,15.152000000000001,5.12,0.0,16.00192307692308,0.6400769230769232,0.0,-0.0,0.0,0.0,0.0,0.0,0.0,0.0
离网无储能,风电4-光伏4,4,4,16,15:00-16:00,3.8202000000000003,21.66,1.28,0.0,18.384423076923078,0.7353769230769232,0.0,-0.0,0.0,0.0,0.0,0.0,0.0,0.0
离网无储能,风电4-光伏4,4,4,17,16:00-17:00,3.75,17.16,0.0,0.0,12.89423076923077,0.5157692307692308,0.0,-0.0,0.0,0.0,0.0,0.0,0.0,0.0
离网无储能,风电4-光伏4,4,4,18,17:00-18:00,3.1398,16.612000000000002,0.0,0.0,12.954038461538463,0.5181615384615385,0.0,-0.0,0.0,0.0,0.0,0.0,0.0,0.0
离网无储能,风电4-光伏4,4,4,19,18:00-19:00,2.61,15.328,0.0,0.0,12.228846153846154,0.4891538461538461,0.0,-0.0,0.0,0.0,0.0,0.0,0.0,0.0
离网无储能,风电4-光伏4,4,4,20,19:00-20:00,2.1198,9.416,0.0,0.0,7.015576923076924,0.2806230769230769,0.0,-0.0,0.0,0.0,0.0,0.0,0.0,0.0
离网无储能,风电4-光伏4,4,4,21,20:00-21:00,1.8599999999999999,8.808,0.0,0.0,6.680769230769231,0.2672307692307692,0.0,-0.0,0.0,0.0,0.0,0.0,0.0,0.0
离网无储能,风电4-光伏4,4,4,22,21:00-22:00,1.6301999999999999,5.215999999999999,0.0,0.0,0.0,0.0,0.0,3.5857999999999994,0.0,0.0,0.0,0.0,0.0,0.0
离网无储能,风电4-光伏4,4,4,23,22:00-23:00,1.56,6.151999999999999,0.0,0.0,4.415384615384614,0.17661538461538456,0.0,-0.0,0.0,0.0,0.0,0.0,0.0,0.0
离网无储能,风电4-光伏4,4,4,24,23:00-24:00,1.4802,8.464,0.0,0.0,6.715192307692308,0.2686076923076923,0.0,-0.0,0.0,0.0,0.0,0.0,0.0,0.0
离网无储能,风电5-光伏1,5,1,1,0:00-1:00,1.3698000000000001,9.776,0.0,0.0,8.082884615384616,0.32331538461538456,0.0,-0.0,0.0,0.0,0.0,0.0,0.0,0.0
离网无储能,风电5-光伏1,5,1,2,1:00-2:00,1.0997999999999999,13.5,0.0,0.0,11.92326923076923,0.4769307692307692,0.0,-0.0,0.0,0.0,0.0,0.0,0.0,0.0
离网无储能,风电5-光伏1,5,1,3,2:00-3:00,0.7998000000000001,15.392,0.0,0.0,14.030961538461538,0.5612384615384616,0.0,-0.0,0.0,0.0,0.0,0.0,0.0,0.0
离网无储能,风电5-光伏1,5,1,4,3:00-4:00,0.99,13.312,0.0,0.0,11.848076923076922,0.4739230769230769,0.0,-0.0,0.0,0.0,0.0,0.0,0.0,0.0
离网无储能,风电5-光伏1,5,1,5,4:00-5:00,1.1802000000000001,15.144,0.0,0.0,13.426730769230769,0.5370692307692306,0.0,-0.0,0.0,0.0,0.0,0.0,0.0,0.0
离网无储能,风电5-光伏1,5,1,6,5:00-6:00,1.6301999999999999,14.315999999999999,0.0,0.0,12.197884615384615,0.48791538461538453,0.0,-0.0,0.0,0.0,0.0,0.0,0.0,0.0
离网无储能,风电5-光伏1,5,1,7,6:00-7:00,2.5002,17.852,14.08,8.3399033816425,20.000000000000014,1.091896618357488,-0.0,0.0,0.0,0.0,0.0,0.0,0.0,0.0
离网无储能,风电5-光伏1,5,1,8,7:00-8:00,3.3701999999999996,9.628,25.6,10.683864734299533,19.999999999999986,1.1739352657004831,-0.0,0.0,0.0,0.0,0.0,0.0,0.0,0.0
离网无储能,风电5-光伏1,5,1,9,8:00-9:00,4.0098,22.324,37.12,20.0,20.0,1.5,0.0,13.934200000000004,0.0,0.0,0.0,0.0,0.0,0.0
离网无储能,风电5-光伏1,5,1,10,9:00-10:00,4.199999999999999,20.928,46.08,20.0,20.0,1.5,0.0,21.307999999999993,0.0,0.0,0.0,0.0,0.0,0.0
离网无储能,风电5-光伏1,5,1,11,10:00-11:00,4.1202,15.995999999999999,52.48,20.0,20.0,1.5,0.0,22.855800000000002,0.0,0.0,0.0,0.0,0.0,0.0
离网无储能,风电5-光伏1,5,1,12,11:00-12:00,3.9000000000000004,14.328000000000001,55.04,20.0,20.0,1.5,0.0,23.96799999999999,0.0,0.0,0.0,0.0,0.0,0.0
离网无储能,风电5-光伏1,5,1,13,12:00-13:00,3.2598000000000003,12.74,56.32,20.0,20.0,1.5,0.0,24.300200000000004,0.0,0.0,0.0,0.0,0.0,0.0
离网无储能,风电5-光伏1,5,1,14,13:00-14:00,2.6898,12.812,56.32,20.0,20.0,1.5,0.0,24.9422,0.0,0.0,0.0,0.0,0.0,0.0
离网无储能,风电5-光伏1,5,1,15,14:00-15:00,3.63,8.256,52.48,20.0,20.0,1.5,0.0,15.605999999999995,0.0,0.0,0.0,0.0,0.0,0.0
离网无储能,风电5-光伏1,5,1,16,15:00-16:00,3.8202000000000003,8.556000000000001,44.8,20.0,20.0,1.5,0.0,8.035799999999995,0.0,0.0,0.0,0.0,0.0,0.0
离网无储能,风电5-光伏1,5,1,17,16:00-17:00,3.75,15.664,33.28,20.0,20.0,1.5,0.0,3.6940000000000026,0.0,0.0,0.0,0.0,0.0,0.0
离网无储能,风电5-光伏1,5,1,18,17:00-18:00,3.1398,8.372,24.32,8.456231884057928,20.000000000000043,1.0959681159420291,-0.0,0.0,0.0,0.0,0.0,0.0,0.0,0.0
离网无储能,风电5-光伏1,5,1,19,18:00-19:00,2.61,7.872,11.52,0.0,16.13653846153846,0.6454615384615384,0.0,-0.0,0.0,0.0,0.0,0.0,0.0,0.0
离网无储能,风电5-光伏1,5,1,20,19:00-20:00,2.1198,11.175999999999998,0.0,0.0,8.707884615384614,0.3483153846153846,0.0,-0.0,0.0,0.0,0.0,0.0,0.0,0.0
离网无储能,风电5-光伏1,5,1,21,20:00-21:00,1.8599999999999999,9.884,0.0,0.0,7.715384615384616,0.3086153846153847,0.0,-0.0,0.0,0.0,0.0,0.0,0.0,0.0
离网无储能,风电5-光伏1,5,1,22,21:00-22:00,1.6301999999999999,9.02,0.0,0.0,7.105576923076923,0.28422307692307686,0.0,-0.0,0.0,0.0,0.0,0.0,0.0,0.0
离网无储能,风电5-光伏1,5,1,23,22:00-23:00,1.56,6.204,0.0,0.0,4.4653846153846155,0.17861538461538462,0.0,-0.0,0.0,0.0,0.0,0.0,0.0,0.0
离网无储能,风电5-光伏1,5,1,24,23:00-24:00,1.4802,16.928,0.0,0.0,14.853653846153847,0.5941461538461539,0.0,-0.0,0.0,0.0,0.0,0.0,0.0,0.0
离网无储能,风电5-光伏2,5,2,1,0:00-1:00,1.3698000000000001,9.776,0.0,0.0,8.082884615384616,0.32331538461538456,0.0,-0.0,0.0,0.0,0.0,0.0,0.0,0.0
离网无储能,风电5-光伏2,5,2,2,1:00-2:00,1.0997999999999999,13.5,0.0,0.0,11.92326923076923,0.4769307692307692,0.0,-0.0,0.0,0.0,0.0,0.0,0.0,0.0
离网无储能,风电5-光伏2,5,2,3,2:00-3:00,0.7998000000000001,15.392,0.0,0.0,14.030961538461538,0.5612384615384616,0.0,-0.0,0.0,0.0,0.0,0.0,0.0,0.0
离网无储能,风电5-光伏2,5,2,4,3:00-4:00,0.99,13.312,0.0,0.0,11.848076923076922,0.4739230769230769,0.0,-0.0,0.0,0.0,0.0,0.0,0.0,0.0
离网无储能,风电5-光伏2,5,2,5,4:00-5:00,1.1802000000000001,15.144,0.0,0.0,13.426730769230769,0.5370692307692306,0.0,-0.0,0.0,0.0,0.0,0.0,0.0,0.0
离网无储能,风电5-光伏2,5,2,6,5:00-6:00,1.6301999999999999,14.315999999999999,0.0,0.0,12.197884615384615,0.48791538461538453,0.0,-0.0,0.0,0.0,0.0,0.0,0.0,0.0
离网无储能,风电5-光伏2,5,2,7,6:00-7:00,2.5002,17.852,0.0,0.0,14.761346153846155,0.5904538461538461,0.0,-0.0,0.0,0.0,0.0,0.0,0.0,0.0
离网无储能,风电5-光伏2,5,2,8,7:00-8:00,3.3701999999999996,9.628,3.2,0.0,9.09403846153846,0.3637615384615384,0.0,-0.0,0.0,0.0,0.0,0.0,0.0,0.0
离网无储能,风电5-光伏2,5,2,9,8:00-9:00,4.0098,22.324,10.88,8.110338164251203,20.000000000000007,1.0838618357487924,-0.0,0.0,0.0,0.0,0.0,0.0,0.0,0.0
离网无储能,风电5-光伏2,5,2,10,9:00-10:00,4.199999999999999,20.928,17.92,13.3797101449276,19.999999999999936,1.2682898550724635,-0.0,0.0,0.0,0.0,0.0,0.0,0.0,0.0
离网无储能,风电5-光伏2,5,2,11,10:00-11:00,4.1202,15.995999999999999,24.96,15.493526570048346,19.99999999999997,1.342273429951691,-0.0,0.0,0.0,0.0,0.0,0.0,0.0,0.0
离网无储能,风电5-光伏2,5,2,12,11:00-12:00,3.9000000000000004,14.328000000000001,31.36,20.0,20.0,1.5,0.0,0.2880000000000038,0.0,0.0,0.0,0.0,0.0,0.0
离网无储能,风电5-光伏2,5,2,13,12:00-13:00,3.2598000000000003,12.74,35.84,20.0,20.0,1.5,0.0,3.820200000000007,0.0,0.0,0.0,0.0,0.0,0.0
离网无储能,风电5-光伏2,5,2,14,13:00-14:00,2.6898,12.812,37.12,20.0,20.0,1.5,0.0,5.742199999999997,0.0,0.0,0.0,0.0,0.0,0.0
离网无储能,风电5-光伏2,5,2,15,14:00-15:00,3.63,8.256,32.0,15.290821256038669,19.99999999999998,1.3351787439613525,-0.0,0.0,0.0,0.0,0.0,0.0,0.0,0.0
离网无储能,风电5-光伏2,5,2,16,15:00-16:00,3.8202000000000003,8.556000000000001,25.6,9.21333333333331,20.00000000000003,1.122466666666667,-0.0,0.0,0.0,0.0,0.0,0.0,0.0,0.0
离网无储能,风电5-光伏2,5,2,17,16:00-17:00,3.75,15.664,19.2,9.965217391304407,19.99999999999994,1.1487826086956519,-0.0,0.0,0.0,0.0,0.0,0.0,0.0,0.0
离网无储能,风电5-光伏2,5,2,18,17:00-18:00,3.1398,8.372,9.6,0.0,14.26173076923077,0.5704692307692308,0.0,-0.0,0.0,0.0,0.0,0.0,0.0,0.0
离网无储能,风电5-光伏2,5,2,19,18:00-19:00,2.61,7.872,3.2,0.0,8.13653846153846,0.3254615384615384,0.0,-0.0,0.0,0.0,0.0,0.0,0.0,0.0
离网无储能,风电5-光伏2,5,2,20,19:00-20:00,2.1198,11.175999999999998,0.0,0.0,8.707884615384614,0.3483153846153846,0.0,-0.0,0.0,0.0,0.0,0.0,0.0,0.0
离网无储能,风电5-光伏2,5,2,21,20:00-21:00,1.8599999999999999,9.884,0.0,0.0,7.715384615384616,0.3086153846153847,0.0,-0.0,0.0,0.0,0.0,0.0,0.0,0.0
离网无储能,风电5-光伏2,5,2,22,21:00-22:00,1.6301999999999999,9.02,0.0,0.0,7.105576923076923,0.28422307692307686,0.0,-0.0,0.0,0.0,0.0,0.0,0.0,0.0
离网无储能,风电5-光伏2,5,2,23,22:00-23:00,1.56,6.204,0.0,0.0,4.4653846153846155,0.17861538461538462,0.0,-0.0,0.0,0.0,0.0,0.0,0.0,0.0
离网无储能,风电5-光伏2,5,2,24,23:00-24:00,1.4802,16.928,0.0,0.0,14.853653846153847,0.5941461538461539,0.0,-0.0,0.0,0.0,0.0,0.0,0.0,0.0
离网无储能,风电5-光伏3,5,3,1,0:00-1:00,1.3698000000000001,9.776,0.0,0.0,8.082884615384616,0.32331538461538456,0.0,-0.0,0.0,0.0,0.0,0.0,0.0,0.0
离网无储能,风电5-光伏3,5,3,2,1:00-2:00,1.0997999999999999,13.5,0.0,0.0,11.92326923076923,0.4769307692307692,0.0,-0.0,0.0,0.0,0.0,0.0,0.0,0.0
离网无储能,风电5-光伏3,5,3,3,2:00-3:00,0.7998000000000001,15.392,0.0,0.0,14.030961538461538,0.5612384615384616,0.0,-0.0,0.0,0.0,0.0,0.0,0.0,0.0
离网无储能,风电5-光伏3,5,3,4,3:00-4:00,0.99,13.312,0.0,0.0,11.848076923076922,0.4739230769230769,0.0,-0.0,0.0,0.0,0.0,0.0,0.0,0.0
离网无储能,风电5-光伏3,5,3,5,4:00-5:00,1.1802000000000001,15.144,0.0,0.0,13.426730769230769,0.5370692307692306,0.0,-0.0,0.0,0.0,0.0,0.0,0.0,0.0
离网无储能,风电5-光伏3,5,3,6,5:00-6:00,1.6301999999999999,14.315999999999999,0.0,0.0,12.197884615384615,0.48791538461538453,0.0,-0.0,0.0,0.0,0.0,0.0,0.0,0.0
离网无储能,风电5-光伏3,5,3,7,6:00-7:00,2.5002,17.852,0.0,0.0,14.761346153846155,0.5904538461538461,0.0,-0.0,0.0,0.0,0.0,0.0,0.0,0.0
离网无储能,风电5-光伏3,5,3,8,7:00-8:00,3.3701999999999996,9.628,1.28,0.0,7.247884615384615,0.28991538461538463,0.0,-0.0,0.0,0.0,0.0,0.0,0.0,0.0
离网无储能,风电5-光伏3,5,3,9,8:00-9:00,4.0098,22.324,3.2,2.0000000000000284,18.69634615384613,0.8178538461538462,-0.0,0.0,0.0,0.0,0.0,0.0,0.0,0.0
离网无储能,风电5-光伏3,5,3,10,9:00-10:00,4.199999999999999,20.928,5.12,2.0000000000000284,19.017307692307668,0.8306923076923077,-0.0,0.0,0.0,0.0,0.0,0.0,0.0,0.0
离网无储能,风电5-光伏3,5,3,11,10:00-11:00,4.1202,15.995999999999999,7.68,0.0,18.803653846153843,0.7521461538461537,0.0,-0.0,0.0,0.0,0.0,0.0,0.0,0.0
离网无储能,风电5-光伏3,5,3,12,11:00-12:00,3.9000000000000004,14.328000000000001,11.52,2.0,19.11346153846154,0.8345384615384616,-0.0,0.0,0.0,0.0,0.0,0.0,0.0,0.0
离网无储能,风电5-光伏3,5,3,13,12:00-13:00,3.2598000000000003,12.74,14.08,2.6668599033816633,19.999999999999982,0.8933400966183576,-0.0,0.0,0.0,0.0,0.0,0.0,0.0,0.0
离网无储能,风电5-光伏3,5,3,14,13:00-14:00,2.6898,12.812,14.08,3.287149758454092,20.00000000000001,0.9150502415458937,-0.0,0.0,0.0,0.0,0.0,0.0,0.0,0.0
离网无储能,风电5-光伏3,5,3,15,14:00-15:00,3.63,8.256,11.52,0.0,15.525,0.621,0.0,-0.0,0.0,0.0,0.0,0.0,0.0,0.0
离网无储能,风电5-光伏3,5,3,16,15:00-16:00,3.8202000000000003,8.556000000000001,7.04,0.0,11.322884615384616,0.4529153846153846,0.0,-0.0,0.0,0.0,0.0,0.0,0.0,0.0
离网无储能,风电5-光伏3,5,3,17,16:00-17:00,3.75,15.664,5.12,0.0,16.37884615384615,0.6551538461538461,0.0,-0.0,0.0,0.0,0.0,0.0,0.0,0.0
离网无储能,风电5-光伏3,5,3,18,17:00-18:00,3.1398,8.372,3.2,0.0,8.107884615384613,0.3243153846153845,0.0,-0.0,0.0,0.0,0.0,0.0,0.0,0.0
离网无储能,风电5-光伏3,5,3,19,18:00-19:00,2.61,7.872,1.28,0.0,6.290384615384616,0.2516153846153846,0.0,-0.0,0.0,0.0,0.0,0.0,0.0,0.0
离网无储能,风电5-光伏3,5,3,20,19:00-20:00,2.1198,11.175999999999998,0.0,0.0,8.707884615384614,0.3483153846153846,0.0,-0.0,0.0,0.0,0.0,0.0,0.0,0.0
离网无储能,风电5-光伏3,5,3,21,20:00-21:00,1.8599999999999999,9.884,0.0,0.0,7.715384615384616,0.3086153846153847,0.0,-0.0,0.0,0.0,0.0,0.0,0.0,0.0
离网无储能,风电5-光伏3,5,3,22,21:00-22:00,1.6301999999999999,9.02,0.0,0.0,7.105576923076923,0.28422307692307686,0.0,-0.0,0.0,0.0,0.0,0.0,0.0,0.0
离网无储能,风电5-光伏3,5,3,23,22:00-23:00,1.56,6.204,0.0,0.0,4.4653846153846155,0.17861538461538462,0.0,-0.0,0.0,0.0,0.0,0.0,0.0,0.0
离网无储能,风电5-光伏3,5,3,24,23:00-24:00,1.4802,16.928,0.0,0.0,14.853653846153847,0.5941461538461539,0.0,-0.0,0.0,0.0,0.0,0.0,0.0,0.0
离网无储能,风电5-光伏4,5,4,1,0:00-1:00,1.3698000000000001,9.776,0.0,0.0,8.082884615384616,0.32331538461538456,0.0,-0.0,0.0,0.0,0.0,0.0,0.0,0.0
离网无储能,风电5-光伏4,5,4,2,1:00-2:00,1.0997999999999999,13.5,0.0,0.0,11.92326923076923,0.4769307692307692,0.0,-0.0,0.0,0.0,0.0,0.0,0.0,0.0
离网无储能,风电5-光伏4,5,4,3,2:00-3:00,0.7998000000000001,15.392,0.0,0.0,14.030961538461538,0.5612384615384616,0.0,-0.0,0.0,0.0,0.0,0.0,0.0,0.0
离网无储能,风电5-光伏4,5,4,4,3:00-4:00,0.99,13.312,0.0,0.0,11.848076923076922,0.4739230769230769,0.0,-0.0,0.0,0.0,0.0,0.0,0.0,0.0
离网无储能,风电5-光伏4,5,4,5,4:00-5:00,1.1802000000000001,15.144,0.0,0.0,13.426730769230769,0.5370692307692306,0.0,-0.0,0.0,0.0,0.0,0.0,0.0,0.0
离网无储能,风电5-光伏4,5,4,6,5:00-6:00,1.6301999999999999,14.315999999999999,0.0,0.0,12.197884615384615,0.48791538461538453,0.0,-0.0,0.0,0.0,0.0,0.0,0.0,0.0
离网无储能,风电5-光伏4,5,4,7,6:00-7:00,2.5002,17.852,0.0,0.0,14.761346153846155,0.5904538461538461,0.0,-0.0,0.0,0.0,0.0,0.0,0.0,0.0
离网无储能,风电5-光伏4,5,4,8,7:00-8:00,3.3701999999999996,9.628,0.0,0.0,6.017115384615385,0.24068461538461539,0.0,-0.0,0.0,0.0,0.0,0.0,0.0,0.0
离网无储能,风电5-光伏4,5,4,9,8:00-9:00,4.0098,22.324,0.0,0.0,17.60980769230769,0.7043923076923077,0.0,-0.0,0.0,0.0,0.0,0.0,0.0,0.0
离网无储能,风电5-光伏4,5,4,10,9:00-10:00,4.199999999999999,20.928,0.0,0.0,16.084615384615386,0.6433846153846154,0.0,-0.0,0.0,0.0,0.0,0.0,0.0,0.0
离网无储能,风电5-光伏4,5,4,11,10:00-11:00,4.1202,15.995999999999999,0.0,0.0,11.41903846153846,0.4567615384615384,0.0,-0.0,0.0,0.0,0.0,0.0,0.0,0.0
离网无储能,风电5-光伏4,5,4,12,11:00-12:00,3.9000000000000004,14.328000000000001,1.28,0.0,11.257692307692308,0.4503076923076923,0.0,-0.0,0.0,0.0,0.0,0.0,0.0,0.0
离网无储能,风电5-光伏4,5,4,13,12:00-13:00,3.2598000000000003,12.74,5.12,0.0,14.038653846153846,0.5615461538461538,0.0,-0.0,0.0,0.0,0.0,0.0,0.0,0.0
离网无储能,风电5-光伏4,5,4,14,13:00-14:00,2.6898,12.812,7.68,0.0,17.1175,0.6847,0.0,-0.0,0.0,0.0,0.0,0.0,0.0,0.0
离网无储能,风电5-光伏4,5,4,15,14:00-15:00,3.63,8.256,5.12,0.0,9.371153846153849,0.37484615384615394,0.0,-0.0,0.0,0.0,0.0,0.0,0.0,0.0
离网无储能,风电5-光伏4,5,4,16,15:00-16:00,3.8202000000000003,8.556000000000001,1.28,0.0,5.784423076923077,0.2313769230769231,0.0,-0.0,0.0,0.0,0.0,0.0,0.0,0.0
离网无储能,风电5-光伏4,5,4,17,16:00-17:00,3.75,15.664,0.0,0.0,11.455769230769231,0.45823076923076916,0.0,-0.0,0.0,0.0,0.0,0.0,0.0,0.0
离网无储能,风电5-光伏4,5,4,18,17:00-18:00,3.1398,8.372,0.0,0.0,5.030961538461538,0.20123846153846153,0.0,-0.0,0.0,0.0,0.0,0.0,0.0,0.0
离网无储能,风电5-光伏4,5,4,19,18:00-19:00,2.61,7.872,0.0,0.0,5.059615384615385,0.20238461538461539,0.0,-0.0,0.0,0.0,0.0,0.0,0.0,0.0
离网无储能,风电5-光伏4,5,4,20,19:00-20:00,2.1198,11.175999999999998,0.0,0.0,8.707884615384614,0.3483153846153846,0.0,-0.0,0.0,0.0,0.0,0.0,0.0,0.0
离网无储能,风电5-光伏4,5,4,21,20:00-21:00,1.8599999999999999,9.884,0.0,0.0,7.715384615384616,0.3086153846153847,0.0,-0.0,0.0,0.0,0.0,0.0,0.0,0.0
离网无储能,风电5-光伏4,5,4,22,21:00-22:00,1.6301999999999999,9.02,0.0,0.0,7.105576923076923,0.28422307692307686,0.0,-0.0,0.0,0.0,0.0,0.0,0.0,0.0
离网无储能,风电5-光伏4,5,4,23,22:00-23:00,1.56,6.204,0.0,0.0,4.4653846153846155,0.17861538461538462,0.0,-0.0,0.0,0.0,0.0,0.0,0.0,0.0
离网无储能,风电5-光伏4,5,4,24,23:00-24:00,1.4802,16.928,0.0,0.0,14.853653846153847,0.5941461538461539,0.0,-0.0,0.0,0.0,0.0,0.0,0.0,0.0
离网无储能,风电6-光伏1,6,1,1,0:00-1:00,1.3698000000000001,9.448,0.0,0.0,7.767500000000001,0.3107,0.0,-0.0,0.0,0.0,0.0,0.0,0.0,0.0
离网无储能,风电6-光伏1,6,1,2,1:00-2:00,1.0997999999999999,10.504,0.0,0.0,9.042499999999999,0.36169999999999997,0.0,-0.0,0.0,0.0,0.0,0.0,0.0,0.0
离网无储能,风电6-光伏1,6,1,3,2:00-3:00,0.7998000000000001,11.788,0.0,0.0,10.565576923076923,0.42262307692307693,0.0,-0.0,0.0,0.0,0.0,0.0,0.0,0.0
离网无储能,风电6-光伏1,6,1,4,3:00-4:00,0.99,11.504000000000001,0.0,0.0,10.109615384615386,0.4043846153846154,0.0,-0.0,0.0,0.0,0.0,0.0,0.0,0.0
离网无储能,风电6-光伏1,6,1,5,4:00-5:00,1.1802000000000001,11.16,0.0,0.0,9.59596153846154,0.3838384615384616,0.0,-0.0,0.0,0.0,0.0,0.0,0.0,0.0
离网无储能,风电6-光伏1,6,1,6,5:00-6:00,1.6301999999999999,10.964,0.0,0.0,8.974807692307692,0.35899230769230767,0.0,-0.0,0.0,0.0,0.0,0.0,0.0,0.0
离网无储能,风电6-光伏1,6,1,7,6:00-7:00,2.5002,10.744,14.08,2.0000000000000284,19.474807692307664,0.8489923076923076,-0.0,0.0,0.0,0.0,0.0,0.0,0.0,0.0
离网无储能,风电6-光伏1,6,1,8,7:00-8:00,3.3701999999999996,10.34,25.6,11.371787439613513,20.000000000000014,1.1980125603864735,-0.0,0.0,0.0,0.0,0.0,0.0,0.0,0.0
离网无储能,风电6-光伏1,6,1,9,8:00-9:00,4.0098,9.671999999999999,37.12,20.0,20.0,1.5,0.0,1.282199999999996,0.0,0.0,0.0,0.0,0.0,0.0
离网无储能,风电6-光伏1,6,1,10,9:00-10:00,4.199999999999999,6.9479999999999995,46.08,20.0,20.0,1.5,0.0,7.328000000000003,0.0,0.0,0.0,0.0,0.0,0.0
离网无储能,风电6-光伏1,6,1,11,10:00-11:00,4.1202,6.04,52.48,20.0,20.0,1.5,0.0,12.899799999999999,0.0,0.0,0.0,0.0,0.0,0.0
离网无储能,风电6-光伏1,6,1,12,11:00-12:00,3.9000000000000004,6.06,55.04,20.0,20.0,1.5,0.0,15.700000000000003,0.0,0.0,0.0,0.0,0.0,0.0
离网无储能,风电6-光伏1,6,1,13,12:00-13:00,3.2598000000000003,6.5280000000000005,56.32,20.0,20.0,1.5,0.0,18.0882,0.0,0.0,0.0,0.0,0.0,0.0
离网无储能,风电6-光伏1,6,1,14,13:00-14:00,2.6898,5.768,56.32,20.0,20.0,1.5,0.0,17.898200000000003,0.0,0.0,0.0,0.0,0.0,0.0
离网无储能,风电6-光伏1,6,1,15,14:00-15:00,3.63,5.432,52.48,20.0,20.0,1.5,0.0,12.781999999999996,0.0,0.0,0.0,0.0,0.0,0.0
离网无储能,风电6-光伏1,6,1,16,15:00-16:00,3.8202000000000003,5.368,44.8,20.0,20.0,1.5,0.0,4.847799999999999,0.0,0.0,0.0,0.0,0.0,0.0
离网无储能,风电6-光伏1,6,1,17,16:00-17:00,3.75,6.656,33.28,14.865700483091757,20.00000000000003,1.3202995169082126,-0.0,0.0,0.0,0.0,0.0,0.0,0.0,0.0
离网无储能,风电6-光伏1,6,1,18,17:00-18:00,3.1398,8.408,24.32,8.491014492753635,19.99999999999999,1.0971855072463768,-0.0,0.0,0.0,0.0,0.0,0.0,0.0,0.0
离网无储能,风电6-光伏1,6,1,19,18:00-19:00,2.61,10.808,11.52,0.0,18.959615384615386,0.7583846153846153,0.0,-0.0,0.0,0.0,0.0,0.0,0.0,0.0
离网无储能,风电6-光伏1,6,1,20,19:00-20:00,2.1198,9.604000000000001,0.0,0.0,7.1963461538461555,0.2878538461538462,0.0,-0.0,0.0,0.0,0.0,0.0,0.0,0.0
离网无储能,风电6-光伏1,6,1,21,20:00-21:00,1.8599999999999999,6.832000000000001,0.0,0.0,4.780769230769232,0.19123076923076926,0.0,-0.0,0.0,0.0,0.0,0.0,0.0,0.0
离网无储能,风电6-光伏1,6,1,22,21:00-22:00,1.6301999999999999,8.384,0.0,0.0,6.494038461538461,0.25976153846153843,0.0,-0.0,0.0,0.0,0.0,0.0,0.0,0.0
离网无储能,风电6-光伏1,6,1,23,22:00-23:00,1.56,7.688000000000001,0.0,0.0,5.892307692307693,0.23569230769230767,0.0,-0.0,0.0,0.0,0.0,0.0,0.0,0.0
离网无储能,风电6-光伏1,6,1,24,23:00-24:00,1.4802,9.671999999999999,0.0,0.0,7.876730769230768,0.3150692307692307,0.0,-0.0,0.0,0.0,0.0,0.0,0.0,0.0
离网无储能,风电6-光伏2,6,2,1,0:00-1:00,1.3698000000000001,9.448,0.0,0.0,7.767500000000001,0.3107,0.0,-0.0,0.0,0.0,0.0,0.0,0.0,0.0
离网无储能,风电6-光伏2,6,2,2,1:00-2:00,1.0997999999999999,10.504,0.0,0.0,9.042499999999999,0.36169999999999997,0.0,-0.0,0.0,0.0,0.0,0.0,0.0,0.0
离网无储能,风电6-光伏2,6,2,3,2:00-3:00,0.7998000000000001,11.788,0.0,0.0,10.565576923076923,0.42262307692307693,0.0,-0.0,0.0,0.0,0.0,0.0,0.0,0.0
离网无储能,风电6-光伏2,6,2,4,3:00-4:00,0.99,11.504000000000001,0.0,0.0,10.109615384615386,0.4043846153846154,0.0,-0.0,0.0,0.0,0.0,0.0,0.0,0.0
离网无储能,风电6-光伏2,6,2,5,4:00-5:00,1.1802000000000001,11.16,0.0,0.0,9.59596153846154,0.3838384615384616,0.0,-0.0,0.0,0.0,0.0,0.0,0.0,0.0
离网无储能,风电6-光伏2,6,2,6,5:00-6:00,1.6301999999999999,10.964,0.0,0.0,8.974807692307692,0.35899230769230767,0.0,-0.0,0.0,0.0,0.0,0.0,0.0,0.0
离网无储能,风电6-光伏2,6,2,7,6:00-7:00,2.5002,10.744,0.0,0.0,7.92673076923077,0.31706923076923077,0.0,-0.0,0.0,0.0,0.0,0.0,0.0,0.0
离网无储能,风电6-光伏2,6,2,8,7:00-8:00,3.3701999999999996,10.34,3.2,0.0,9.778653846153844,0.39114615384615375,0.0,-0.0,0.0,0.0,0.0,0.0,0.0,0.0
离网无储能,风电6-光伏2,6,2,9,8:00-9:00,4.0098,9.671999999999999,10.88,0.0,15.90596153846154,0.6362384615384616,0.0,-0.0,0.0,0.0,0.0,0.0,0.0,0.0
离网无储能,风电6-光伏2,6,2,10,9:00-10:00,4.199999999999999,6.9479999999999995,17.92,0.0,19.873076923076926,0.7949230769230771,0.0,-0.0,0.0,0.0,0.0,0.0,0.0,0.0
离网无储能,风电6-光伏2,6,2,11,10:00-11:00,4.1202,6.04,24.96,5.874202898550749,19.999999999999975,1.0055971014492753,-0.0,0.0,0.0,0.0,0.0,0.0,0.0,0.0
离网无储能,风电6-光伏2,6,2,12,11:00-12:00,3.9000000000000004,6.06,31.36,12.289855072463808,19.999999999999964,1.230144927536232,-0.0,0.0,0.0,0.0,0.0,0.0,0.0,0.0
离网无储能,风电6-光伏2,6,2,13,12:00-13:00,3.2598000000000003,6.5280000000000005,35.84,17.689082125603875,19.999999999999993,1.4191178743961352,-0.0,0.0,0.0,0.0,0.0,0.0,0.0,0.0
离网无储能,风电6-光伏2,6,2,14,13:00-14:00,2.6898,5.768,37.12,18.74222222222221,20.000000000000014,1.455977777777778,-0.0,0.0,0.0,0.0,0.0,0.0,0.0,0.0
离网无储能,风电6-光伏2,6,2,15,14:00-15:00,3.63,5.432,32.0,12.562318840579678,20.00000000000003,1.23968115942029,-0.0,0.0,0.0,0.0,0.0,0.0,0.0,0.0
离网无储能,风电6-光伏2,6,2,16,15:00-16:00,3.8202000000000003,5.368,25.6,6.1331400966183764,19.999999999999986,1.0146599033816426,-0.0,0.0,0.0,0.0,0.0,0.0,0.0,0.0
离网无储能,风电6-光伏2,6,2,17,16:00-17:00,3.75,6.656,19.2,2.0000000000000284,19.265384615384587,0.8406153846153844,-0.0,0.0,0.0,0.0,0.0,0.0,0.0,0.0
离网无储能,风电6-光伏2,6,2,18,17:00-18:00,3.1398,8.408,9.6,0.0,14.296346153846152,0.571853846153846,0.0,-0.0,0.0,0.0,0.0,0.0,0.0,0.0
离网无储能,风电6-光伏2,6,2,19,18:00-19:00,2.61,10.808,3.2,0.0,10.959615384615384,0.4383846153846154,0.0,-0.0,0.0,0.0,0.0,0.0,0.0,0.0
离网无储能,风电6-光伏2,6,2,20,19:00-20:00,2.1198,9.604000000000001,0.0,0.0,7.1963461538461555,0.2878538461538462,0.0,-0.0,0.0,0.0,0.0,0.0,0.0,0.0
离网无储能,风电6-光伏2,6,2,21,20:00-21:00,1.8599999999999999,6.832000000000001,0.0,0.0,4.780769230769232,0.19123076923076926,0.0,-0.0,0.0,0.0,0.0,0.0,0.0,0.0
离网无储能,风电6-光伏2,6,2,22,21:00-22:00,1.6301999999999999,8.384,0.0,0.0,6.494038461538461,0.25976153846153843,0.0,-0.0,0.0,0.0,0.0,0.0,0.0,0.0
离网无储能,风电6-光伏2,6,2,23,22:00-23:00,1.56,7.688000000000001,0.0,0.0,5.892307692307693,0.23569230769230767,0.0,-0.0,0.0,0.0,0.0,0.0,0.0,0.0
离网无储能,风电6-光伏2,6,2,24,23:00-24:00,1.4802,9.671999999999999,0.0,0.0,7.876730769230768,0.3150692307692307,0.0,-0.0,0.0,0.0,0.0,0.0,0.0,0.0
离网无储能,风电6-光伏3,6,3,1,0:00-1:00,1.3698000000000001,9.448,0.0,0.0,7.767500000000001,0.3107,0.0,-0.0,0.0,0.0,0.0,0.0,0.0,0.0
离网无储能,风电6-光伏3,6,3,2,1:00-2:00,1.0997999999999999,10.504,0.0,0.0,9.042499999999999,0.36169999999999997,0.0,-0.0,0.0,0.0,0.0,0.0,0.0,0.0
离网无储能,风电6-光伏3,6,3,3,2:00-3:00,0.7998000000000001,11.788,0.0,0.0,10.565576923076923,0.42262307692307693,0.0,-0.0,0.0,0.0,0.0,0.0,0.0,0.0
离网无储能,风电6-光伏3,6,3,4,3:00-4:00,0.99,11.504000000000001,0.0,0.0,10.109615384615386,0.4043846153846154,0.0,-0.0,0.0,0.0,0.0,0.0,0.0,0.0
离网无储能,风电6-光伏3,6,3,5,4:00-5:00,1.1802000000000001,11.16,0.0,0.0,9.59596153846154,0.3838384615384616,0.0,-0.0,0.0,0.0,0.0,0.0,0.0,0.0
离网无储能,风电6-光伏3,6,3,6,5:00-6:00,1.6301999999999999,10.964,0.0,0.0,8.974807692307692,0.35899230769230767,0.0,-0.0,0.0,0.0,0.0,0.0,0.0,0.0
离网无储能,风电6-光伏3,6,3,7,6:00-7:00,2.5002,10.744,0.0,0.0,7.92673076923077,0.31706923076923077,0.0,-0.0,0.0,0.0,0.0,0.0,0.0,0.0
离网无储能,风电6-光伏3,6,3,8,7:00-8:00,3.3701999999999996,10.34,1.28,0.0,7.9325,0.3173,0.0,-0.0,0.0,0.0,0.0,0.0,0.0,0.0
离网无储能,风电6-光伏3,6,3,9,8:00-9:00,4.0098,9.671999999999999,3.2,0.0,8.521346153846153,0.3408538461538461,0.0,-0.0,0.0,0.0,0.0,0.0,0.0,0.0
离网无储能,风电6-光伏3,6,3,10,9:00-10:00,4.199999999999999,6.9479999999999995,5.12,0.0,7.565384615384616,0.3026153846153846,0.0,-0.0,0.0,0.0,0.0,0.0,0.0,0.0
离网无储能,风电6-光伏3,6,3,11,10:00-11:00,4.1202,6.04,7.68,0.0,9.23057692307692,0.3692230769230768,0.0,-0.0,0.0,0.0,0.0,0.0,0.0,0.0
离网无储能,风电6-光伏3,6,3,12,11:00-12:00,3.9000000000000004,6.06,11.52,0.0,13.153846153846152,0.5261538461538461,0.0,-0.0,0.0,0.0,0.0,0.0,0.0,0.0
离网无储能,风电6-光伏3,6,3,13,12:00-13:00,3.2598000000000003,6.5280000000000005,14.08,0.0,16.68096153846154,0.6672384615384614,0.0,-0.0,0.0,0.0,0.0,0.0,0.0,0.0
离网无储能,风电6-光伏3,6,3,14,13:00-14:00,2.6898,5.768,14.08,0.0,16.498269230769232,0.6599307692307693,0.0,-0.0,0.0,0.0,0.0,0.0,0.0,0.0
离网无储能,风电6-光伏3,6,3,15,14:00-15:00,3.63,5.432,11.52,0.0,12.809615384615384,0.5123846153846153,0.0,-0.0,0.0,0.0,0.0,0.0,0.0,0.0
离网无储能,风电6-光伏3,6,3,16,15:00-16:00,3.8202000000000003,5.368,7.04,0.0,8.257500000000002,0.33030000000000004,0.0,-0.0,0.0,0.0,0.0,0.0,0.0,0.0
离网无储能,风电6-光伏3,6,3,17,16:00-17:00,3.75,6.656,5.12,0.0,7.717307692307692,0.30869230769230765,0.0,-0.0,0.0,0.0,0.0,0.0,0.0,0.0
离网无储能,风电6-光伏3,6,3,18,17:00-18:00,3.1398,8.408,3.2,0.0,8.1425,0.3257,0.0,-0.0,0.0,0.0,0.0,0.0,0.0,0.0
离网无储能,风电6-光伏3,6,3,19,18:00-19:00,2.61,10.808,1.28,0.0,9.113461538461538,0.3645384615384615,0.0,-0.0,0.0,0.0,0.0,0.0,0.0,0.0
离网无储能,风电6-光伏3,6,3,20,19:00-20:00,2.1198,9.604000000000001,0.0,0.0,7.1963461538461555,0.2878538461538462,0.0,-0.0,0.0,0.0,0.0,0.0,0.0,0.0
离网无储能,风电6-光伏3,6,3,21,20:00-21:00,1.8599999999999999,6.832000000000001,0.0,0.0,4.780769230769232,0.19123076923076926,0.0,-0.0,0.0,0.0,0.0,0.0,0.0,0.0
离网无储能,风电6-光伏3,6,3,22,21:00-22:00,1.6301999999999999,8.384,0.0,0.0,6.494038461538461,0.25976153846153843,0.0,-0.0,0.0,0.0,0.0,0.0,0.0,0.0
离网无储能,风电6-光伏3,6,3,23,22:00-23:00,1.56,7.688000000000001,0.0,0.0,5.892307692307693,0.23569230769230767,0.0,-0.0,0.0,0.0,0.0,0.0,0.0,0.0
离网无储能,风电6-光伏3,6,3,24,23:00-24:00,1.4802,9.671999999999999,0.0,0.0,7.876730769230768,0.3150692307692307,0.0,-0.0,0.0,0.0,0.0,0.0,0.0,0.0
离网无储能,风电6-光伏4,6,4,1,0:00-1:00,1.3698000000000001,9.448,0.0,0.0,7.767500000000001,0.3107,0.0,-0.0,0.0,0.0,0.0,0.0,0.0,0.0
离网无储能,风电6-光伏4,6,4,2,1:00-2:00,1.0997999999999999,10.504,0.0,0.0,9.042499999999999,0.36169999999999997,0.0,-0.0,0.0,0.0,0.0,0.0,0.0,0.0
离网无储能,风电6-光伏4,6,4,3,2:00-3:00,0.7998000000000001,11.788,0.0,0.0,10.565576923076923,0.42262307692307693,0.0,-0.0,0.0,0.0,0.0,0.0,0.0,0.0
离网无储能,风电6-光伏4,6,4,4,3:00-4:00,0.99,11.504000000000001,0.0,0.0,10.109615384615386,0.4043846153846154,0.0,-0.0,0.0,0.0,0.0,0.0,0.0,0.0
离网无储能,风电6-光伏4,6,4,5,4:00-5:00,1.1802000000000001,11.16,0.0,0.0,9.59596153846154,0.3838384615384616,0.0,-0.0,0.0,0.0,0.0,0.0,0.0,0.0
离网无储能,风电6-光伏4,6,4,6,5:00-6:00,1.6301999999999999,10.964,0.0,0.0,8.974807692307692,0.35899230769230767,0.0,-0.0,0.0,0.0,0.0,0.0,0.0,0.0
离网无储能,风电6-光伏4,6,4,7,6:00-7:00,2.5002,10.744,0.0,0.0,7.92673076923077,0.31706923076923077,0.0,-0.0,0.0,0.0,0.0,0.0,0.0,0.0
离网无储能,风电6-光伏4,6,4,8,7:00-8:00,3.3701999999999996,10.34,0.0,0.0,6.701730769230769,0.2680692307692308,0.0,-0.0,0.0,0.0,0.0,0.0,0.0,0.0
离网无储能,风电6-光伏4,6,4,9,8:00-9:00,4.0098,9.671999999999999,0.0,0.0,5.4444230769230755,0.217776923076923,0.0,-0.0,0.0,0.0,0.0,0.0,0.0,0.0
离网无储能,风电6-光伏4,6,4,10,9:00-10:00,4.199999999999999,6.9479999999999995,0.0,0.0,0.0,0.0,0.0,2.748,0.0,0.0,0.0,0.0,0.0,0.0
离网无储能,风电6-光伏4,6,4,11,10:00-11:00,4.1202,6.04,0.0,0.0,0.0,0.0,0.0,1.9198000000000004,0.0,0.0,0.0,0.0,0.0,0.0
离网无储能,风电6-光伏4,6,4,12,11:00-12:00,3.9000000000000004,6.06,1.28,0.0,0.0,0.0,0.0,3.4399999999999995,0.0,0.0,0.0,0.0,0.0,0.0
离网无储能,风电6-光伏4,6,4,13,12:00-13:00,3.2598000000000003,6.5280000000000005,5.12,0.0,8.065576923076923,0.32262307692307685,0.0,-0.0,0.0,0.0,0.0,0.0,0.0,0.0
离网无储能,风电6-光伏4,6,4,14,13:00-14:00,2.6898,5.768,7.68,0.0,10.344423076923077,0.41377692307692304,0.0,-0.0,0.0,0.0,0.0,0.0,0.0,0.0
离网无储能,风电6-光伏4,6,4,15,14:00-15:00,3.63,5.432,5.12,0.0,6.655769230769231,0.2662307692307692,0.0,-0.0,0.0,0.0,0.0,0.0,0.0,0.0
离网无储能,风电6-光伏4,6,4,16,15:00-16:00,3.8202000000000003,5.368,1.28,0.0,0.0,0.0,0.0,2.8278000000000003,0.0,0.0,0.0,0.0,0.0,0.0
离网无储能,风电6-光伏4,6,4,17,16:00-17:00,3.75,6.656,0.0,0.0,0.0,0.0,0.0,2.9059999999999997,0.0,0.0,0.0,0.0,0.0,0.0
离网无储能,风电6-光伏4,6,4,18,17:00-18:00,3.1398,8.408,0.0,0.0,5.0655769230769225,0.2026230769230769,0.0,-0.0,0.0,0.0,0.0,0.0,0.0,0.0
离网无储能,风电6-光伏4,6,4,19,18:00-19:00,2.61,10.808,0.0,0.0,7.882692307692308,0.3153076923076923,0.0,-0.0,0.0,0.0,0.0,0.0,0.0,0.0
离网无储能,风电6-光伏4,6,4,20,19:00-20:00,2.1198,9.604000000000001,0.0,0.0,7.1963461538461555,0.2878538461538462,0.0,-0.0,0.0,0.0,0.0,0.0,0.0,0.0
离网无储能,风电6-光伏4,6,4,21,20:00-21:00,1.8599999999999999,6.832000000000001,0.0,0.0,4.780769230769232,0.19123076923076926,0.0,-0.0,0.0,0.0,0.0,0.0,0.0,0.0
离网无储能,风电6-光伏4,6,4,22,21:00-22:00,1.6301999999999999,8.384,0.0,0.0,6.494038461538461,0.25976153846153843,0.0,-0.0,0.0,0.0,0.0,0.0,0.0,0.0
离网无储能,风电6-光伏4,6,4,23,22:00-23:00,1.56,7.688000000000001,0.0,0.0,5.892307692307693,0.23569230769230767,0.0,-0.0,0.0,0.0,0.0,0.0,0.0,0.0
离网无储能,风电6-光伏4,6,4,24,23:00-24:00,1.4802,9.671999999999999,0.0,0.0,7.876730769230768,0.3150692307692307,0.0,-0.0,0.0,0.0,0.0,0.0,0.0,0.0
