运行模式,场景,风电场景,光伏场景,日氨产量(t/day),新能源发电量(MWh),弃电量(MWh),弃电率(%),常规负荷失供量(MWh),能源自治率(%),新能源利用率(%),碱性电解槽利用率(%),PEM电解槽利用率(%),制氢装置平均利用率(%),合成氨装置利用率(%),储能容量(MWh),充电量(MWh),放电量(MWh),购电量(MWh),售电量(MWh),风电发电成本(¥/day),光伏发电成本(¥/day),碱性电解槽运维成本(¥/day),PEM电解槽运维成本(¥/day),合成氨装置运维成本(¥/day),合成氨装置资本分摊(¥/day),储能运维成本(¥/day),储能资本分摊(¥/day),购电成本(¥/day),售电收入(¥/day),日净成本(¥/day),净吨氨成本(¥/t),C-rate,日自损耗率(%)
离网配置储能,风电1-光伏1,1,1,40.96569518793271,761.7639999999999,141.74118590327262,18.606968287195592,0.0,100.0,81.39303171280442,43.070092906155146,68.99516659235567,56.032629749255406,56.896798872128755,1.15424349,4.767130356769739,3.8604094468607473,0.0,0.0,37848.6,61132.8,20673.64459495447,49676.51994649608,40.96569518793271,3287.671232876712,38.60409446860747,210.82072876712328,0.0,0.0,172909.62629275094,4220.839546345232,0.5,0.2
离网配置储能,风电1-光伏2,1,2,31.834067118324647,503.204,14.722844493439615,2.925820242573512,0.0,100.0,97.07417975742649,22.50564041318322,63.20878109243509,42.85721075280915,44.21398210878423,1.15424349,2.1803067109570504,1.7654079905269828,0.0,0.0,37848.6,30105.6,10802.707398327944,45510.322386553264,31.834067118324647,3287.671232876712,17.65407990526983,210.82072876712328,0.0,0.0,127815.20989354864,4015.044933418965,0.5,0.2
离网配置储能,风电1-光伏3,1,3,20.611660452463994,337.44399999999996,7.849766238439612,2.326242647206533,0.0,100.0,97.67375735279347,1.02862752173912,52.77615001343655,26.90238876758784,28.62730618397777,1.15424349,1.6031849659570505,1.2977135994721087,0.0,0.0,37848.6,10214.400000000001,493.7412104347776,37998.82800967432,20.611660452463994,3287.671232876712,12.977135994721088,210.82072876712328,0.0,0.0,90087.6499782001,4370.712887783415,0.5,0.2
离网配置储能,风电1-光伏4,1,4,15.473261136388203,272.804,10.516844493439612,3.8550917484492944,1e-07,99.99999983530962,96.1449082515507,0.0,40.29495087601095,20.147475438005475,21.490640467205836,1.15424349,2.1803067109570544,1.7655458774433075,0.0,0.0,37848.6,2457.6000000000004,0.0,29012.364630727883,15.473261136388203,3287.671232876712,17.655458774433075,210.82072876712328,0.0,0.0,72850.18531228254,4708.133900807892,0.5,0.2
离网配置储能,风电2-光伏1,2,1,37.048870709469014,658.904,92.45501558786884,14.031636716102625,0.0,100.0,85.96836328389738,38.82771886285096,62.507180134247626,50.66744949854929,51.45676487426252,1.15424349,4.190149220065102,3.3931153487417283,0.0,0.0,22419.6,61132.8,18637.30505416846,45005.16969665829,37.048870709469014,3287.671232876712,33.93115348741728,210.82072876712328,0.0,0.0,150764.34673666744,4069.3371714062755,0.5,0.2
离网配置储能,风电2-光伏2,2,2,25.048267806349735,400.34400000000005,4.140145115601637,1.0341469125556113,0.0,100.0,98.96585308744439,15.702902884058188,51.48982405548483,33.59636346977151,34.78926084215241,1.15424349,2.284776202707875,1.85014453129099,0.0,0.0,22419.6,30105.6,7537.393384347931,37072.67331994908,25.048267806349735,3287.671232876712,18.5014453129099,210.82072876712328,0.0,0.0,100677.30837906012,4019.3321613057183,0.5,0.2
离网配置储能,风电2-光伏3,2,3,13.030229906959612,234.584,4.140145115601637,1.7648881064359194,1e-07,99.99999983530962,98.23511189356408,0.0,33.93289038270732,16.96644519135366,18.097541537443906,1.15424349,1.7387762027079412,1.407910008784532,0.0,0.0,22419.6,10214.400000000001,0.0,24431.681075549273,13.030229906959612,3287.671232876712,14.079100087845319,210.82072876712328,0.0,0.0,60591.282367187916,4650.054741921733,0.5,0.2
离网配置储能,风电2-光伏4,2,4,7.663024120780864,169.94400000000002,8.85918950904125,5.213005171727892,1e-07,99.99999983530962,94.78699482827211,0.0,19.955791981200164,9.977895990600082,10.643089056640088,1.15424349,3.919083440168024,3.173586419360497,0.0,0.0,22419.6,2457.6000000000004,0.0,14368.170226464119,7.663024120780864,3287.671232876712,31.735864193604968,210.82072876712328,0.0,0.0,42783.26107642234,5583.077960096871,0.5,0.2
离网配置储能,风电3-光伏1,3,1,43.7076285117034,780.8399999999999,124.93561974802817,16.000156209726473,0.0,100.0,83.99984379027353,43.889272000249406,75.41883624900935,59.654054124629376,60.70503959958805,1.15424349,3.425944952384775,2.774298552706773,0.0,0.0,40710.00000000001,61132.8,21066.850560119714,54301.56209928673,43.7076285117034,3287.671232876712,27.74298552706773,210.82072876712328,0.0,0.0,180781.15523508907,4136.146512425906,0.5,0.2
离网配置储能,风电3-光伏2,3,2,34.208735800213034,522.28,3.057078255,0.585333203454086,0.0,100.0,99.41466679654592,22.76965007501912,69.16180566407972,45.965727869549404,47.512133055851436,1.15424349,0.6693217449999986,0.5417554477809483,0.0,0.0,40710.00000000001,30105.6,10929.432036009177,49796.5000781374,34.208735800213034,3287.671232876712,5.4175544778094835,210.82072876712328,0.0,0.0,135079.6503660684,3948.688754678482,0.5,0.2
离网配置储能,风电3-光伏3,3,3,22.734595416066142,356.52000000000004,0.0,0.0,0.0,100.0,100.0,0.41667129769071093,58.84008817719284,29.628379737441772,31.575826966758527,1.15424349,0.0002568125257091134,0.0,0.0,0.0,40710.00000000001,10214.400000000001,200.00222289154124,42364.86348757884,22.734595416066142,3287.671232876712,0.0,210.82072876712328,0.0,0.0,97010.4922675303,4267.086811625189,0.5,0.2
离网配置储能,风电3-光伏4,3,4,17.7815184852969,291.88,0.0,0.0,0.0,100.0,100.0,0.0,46.30603772212733,23.153018861063664,24.69655345180125,1.15424349,0.0002596911402559243,0.0,0.0,0.0,40710.00000000001,2457.6000000000004,0.0,33340.347159931676,17.7815184852969,3287.671232876712,0.0,210.82072876712328,0.0,0.0,80024.22064006081,4500.415456994343,0.5,0.2
离网配置储能,风电4-光伏1,4,1,47.17779595746915,876.924,172.31353422345177,19.64976830642698,0.0,100.0,80.35023169357302,49.72492629802429,79.34953312847128,64.5372297132478,65.52471660759605,1.15424349,3.911671564903741,3.167509014268993,0.0,0.0,55122.6,61132.8,23867.96462305166,57131.66385249932,47.17779595746915,3287.671232876712,31.675090142689932,210.82072876712328,0.0,0.0,200832.373323295,4256.925726338417,,
离网配置储能,风电4-光伏2,4,2,40.73475892114361,618.364,8.677044493439594,1.4032260114495012,0.0,100.0,98.5967739885505,31.666931747069803,78.3715360784587,55.01923391276425,56.5760540571439,1.15424349,2.180306710769566,1.7653762273179148,0.0,0.0,55122.6,30105.6,15200.127238593506,56427.50597649027,40.73475892114361,3287.671232876712,17.653762273179147,210.82072876712328,0.0,0.0,160412.7136979219,3937.981172503239,0.5,0.2
离网配置储能,风电4-光伏3,4,3,29.90150937769778,452.60400000000004,0.07267815499997468,0.016057780090316186,0.0,100.0,99.98394221990968,4.968925639172249,73.52070407014556,39.24481485465891,41.52987413569136,1.15424349,0.5771216449999842,0.46677709357450403,0.0,0.0,55122.6,10214.400000000001,2385.0843068026793,52934.9069305048,29.90150937769778,3287.671232876712,4.6677709357450405,210.82072876712328,0.0,0.0,124190.05247926476,4153.303798499639,0.5,0.2
离网配置储能,风电4-光伏4,4,4,25.087332218891703,387.964,0.07267815499997018,0.018733221381357596,0.0,100.0,99.98126677861863,1.4584586792274912,64.05544297570636,32.75695082746692,34.84351697068292,1.15424349,0.8433215450000542,0.6823937531287005,0.0,0.0,55122.6,2457.6000000000004,700.0601660291958,46119.91894250858,25.087332218891703,3287.671232876712,6.823937531287005,210.82072876712328,0.0,0.0,107930.58233993177,4302.194485974718,0.5,0.2
离网配置储能,风电5-光伏1,5,1,44.22704263083202,819.4200000000001,157.21161978030423,19.185719140404704,0.0,100.0,80.8142808595953,43.22501881688266,77.35269871968605,60.288858768284356,61.426448098377804,1.15424349,3.163944782707362,2.5621300539575618,0.0,0.0,46497.0,61132.8,20748.009032103677,55693.94307817395,44.22704263083202,3287.671232876712,25.621300539575618,210.82072876712328,0.0,0.0,187640.0924150919,4242.655200379197,0.5,0.2
离网配置储能,风电5-光伏2,5,2,36.51450414527046,560.8599999999999,8.824277612572956,1.5733476469302425,0.0,100.0,98.42665235306976,27.386034941149553,71.12707397146927,49.25655445630941,50.71458909065341,1.15424349,1.0261223874270509,0.8305748532056452,0.0,0.0,46497.0,30105.6,13145.296771751786,51211.493259457864,36.51450414527046,3287.671232876712,8.305748532056452,210.82072876712328,0.0,0.0,144502.70224553082,3957.4055742517194,0.5,0.2
离网配置储能,风电5-光伏3,5,3,25.60682828208934,395.1,0.13707815499997336,0.03469454695013246,0.0,100.0,99.96530545304987,2.0737565445603487,64.86991167478398,33.471834109672166,35.565039280679635,1.15424349,0.5771216449999825,0.4672213938975468,0.0,0.0,46497.0,10214.400000000001,995.4031413889674,46706.33640584447,25.60682828208934,3287.671232876712,4.672213938975468,210.82072876712328,0.0,0.0,107941.91055109835,4215.356519831008,0.5,0.2
离网配置储能,风电5-光伏4,5,4,20.749210800681524,330.4599999999999,0.0,0.0,0.0,100.0,100.0,0.0,54.03440312677474,27.01720156338737,28.818348334279897,1.15424349,0.00025959114014066485,0.0,0.0,0.0,46497.0,2457.6000000000004,0.0,38904.77025127782,20.749210800681524,3287.671232876712,0.0,210.82072876712328,0.0,0.0,91378.61142372234,4403.956001098651,0.5,0.2
离网配置储能,风电6-光伏1,6,1,41.57334016205647,715.76,89.47082601023902,12.500115403241173,0.0,100.0,87.49988459675883,40.98510901221732,72.40193628633186,56.693522649274584,57.74075022507842,1.15424349,2.7574284557695132,2.2327419800729498,0.0,0.0,30948.0,61132.8,19672.852325864314,52129.39412615894,41.57334016205647,3287.671232876712,22.327419800729498,210.82072876712328,0.0,0.0,167445.4391736299,4027.711954846859,0.5,0.2
离网配置储能,风电6-光伏2,6,2,29.774493753033255,457.20000000000005,0.0,0.0,0.0,100.0,100.0,15.68554036870739,63.81289632590511,39.749218347306254,41.35346354587952,1.15424349,0.00025698934326445766,0.0,0.0,0.0,30948.0,30105.6,7529.059376979547,45945.28535465168,29.774493753033255,3287.671232876712,0.0,210.82072876712328,0.0,0.0,118056.21118702811,3965.011535250745,0.5,0.2
离网配置储能,风电6-光伏3,6,3,17.74767233145075,291.44,0.0,0.0,0.0,100.0,100.0,0.0,46.217896696486285,23.108948348243143,24.64954490479271,1.15424349,0.00025969114020085726,0.0,0.0,0.0,30948.0,10214.400000000001,0.0,33276.88562147012,17.74767233145075,3287.671232876712,0.0,210.82072876712328,0.0,0.0,77955.52525544542,4392.436585461407,0.5,0.2
离网配置储能,风电6-光伏4,6,4,12.103088742526817,226.8,8.349472605079828,3.6814253108817585,1e-07,99.99999983530962,96.31857468911824,0.0,31.518460266996914,15.759230133498457,16.809845475731688,1.15424349,2.052127394920172,1.6617535528485874,0.0,0.0,30948.0,2457.6000000000004,0.0,22693.291392237777,12.103088742526817,3287.671232876712,16.617535528485874,210.82072876712328,0.0,0.0,59626.10397815263,4926.519605581626,0.5,0.2
