敏感性类型,参数,最优储能容量(MWh),日氨产量(t/day),弃电率(%),净吨氨成本(¥/t)
储能时长,1 h/1C,0.43658107,47.13720298653127,19.730651539399155,4254.830115697283
储能时长,2 h/0.5C,0.62975524,47.14789897430809,19.717400539341774,4255.017996511344
储能时长,4 h/0.25C,1.25877178,47.18272123163678,19.65741683763035,4255.762931603311
日自损耗率,0.1%/day,0.62938589,47.14788599928015,19.717470721285434,4255.0169885112
日自损耗率,0.2%/day,0.62975524,47.14789897430809,19.717400539341774,4255.017996511344
日自损耗率,0.3%/day,0.62938589,47.14786958944431,19.717437268377097,4255.017813381894
储能投资成本,0.8×,0.62938589,47.147878526106155,19.71745400305078,4254.529772631639
储能投资成本,1.0×,0.62975524,47.14789897430809,19.717400539341774,4255.017996511344
储能投资成本,1.2×,0.62938589,47.147878526106155,19.71745400305078,4255.505055766612
