场景,日氨产量(t/day),开机时间(h),设备利用率(%),碱性电解槽利用率(%),PEM电解槽利用率(%),合成氨装置利用率(%),最优生产时段,常规负荷电量(MWh),生产负荷电量(MWh),总负荷电量(MWh),风电电量(MWh),光伏电量(MWh),新能源发电量(MWh),购电量(MWh),售电量(MWh),新能源自发自用比例(%),新能源供电占比(%),上网电量比例(%),新能源自发自用比例达标,新能源供电占比达标,上网电量比例达标,达标指标数,达标状态,风电发电成本(¥/day),光伏发电成本(¥/day),购电成本(¥/day),售电收入(¥/day),碱性电解槽运维成本(¥/day),PEM电解槽运维成本(¥/day),合成氨装置运维成本(¥/day),合成氨装置资本分摊(¥/day),日净成本(¥/day),净吨氨成本(¥/t),求解器,求解状态,MIP间隙,MIP节点数,风电场景,光伏场景
风电1-光伏1,72,24,100.0,100.0,100.0,100.0,00:00-24:00,60.72,996.0,1056.7199999999998,252.324,509.44000000000005,761.7639999999999,430.28,135.324,64.47088599618777,59.28155045802104,17.764557001906105,是,是,是,3,全部达标,37848.6,61132.8,219763.86000000002,51138.93960000001,48000.0,72000.0,72.0,3287.671232876712,390965.9916328767,5430.083217123287,SciPy HiGHS MILP,Optimization terminated successfully. (HiGHS Status 7: Optimal),0.0,0,1,1
风电1-光伏1,63,21,87.5,87.5,87.5,87.5,00:00-18:00、21:00-24:00,60.72,871.5,932.22,252.324,509.44000000000005,761.7639999999999,326.62620000000004,156.1702,58.99774733381993,64.96254103108706,20.501126333090042,否,是,否,1,部分达标,37848.6,61132.8,136592.05088,59016.71858,42000.0,63000.0,63.0,3287.671232876712,284907.4035328767,4522.33973861709,SciPy HiGHS MILP,Optimization terminated successfully. (HiGHS Status 7: Optimal),0.0,1,1,1
风电1-光伏1,54,18,75.0,75.0,75.0,75.0,00:00-17:00、23:00-24:00,60.72,747.0,807.7199999999999,252.324,509.44000000000005,761.7639999999999,235.0722,189.1162,50.34782426053213,70.89682068043382,24.826087869733936,否,是,否,1,部分达标,37848.6,61132.8,80982.15127999999,71467.01198000001,36000.0,54000.0,54.0,3287.671232876712,201838.2105328767,3737.7446394977164,SciPy HiGHS MILP,Optimization terminated successfully. (HiGHS Status 7: Optimal),0.0,1,1,1
风电1-光伏1,45,15,62.5,62.5,62.5,62.5,00:00-07:00、09:00-16:00、23:00-24:00,60.72,622.5,683.22,252.324,509.44000000000005,761.7639999999999,233.2102,311.75419999999997,18.149400601761187,65.86601680278679,40.925299699119414,否,是,否,1,部分达标,37848.6,61132.8,79851.17248000001,117811.91218,30000.0,45000.0,45.0,3287.671232876712,139353.3315328767,3096.7407007305933,SciPy HiGHS MILP,Optimization terminated successfully. (HiGHS Status 7: Optimal),0.0,1,1,1
风电1-光伏1,36,12,50.0,50.0,50.0,50.0,00:00-07:00、12:00-16:00、23:00-24:00,60.72,498.0,558.72,252.324,509.44000000000005,761.7639999999999,233.2102,436.2542,-14.537888374877259,58.25991552119126,57.26894418743864,否,是,否,1,部分达标,37848.6,61132.8,79851.17248000001,164860.46218000003,24000.0,36000.0,36.0,3287.671232876712,77295.78153287669,2147.105042579908,SciPy HiGHS MILP,Optimization terminated successfully. (HiGHS Status 7: Optimal),0.0,1,1,1
风电1-光伏2,72,24,100.0,100.0,100.0,100.0,00:00-24:00,60.72,996.0,1056.7199999999998,252.324,250.88,503.204,560.9662000000001,7.450200000000002,97.03889476236273,46.91439548792491,1.4805526188186109,是,是,是,3,全部达标,37848.6,30105.6,301293.82788,2815.430580000001,48000.0,72000.0,72.0,3287.671232876712,489792.26853287674,6802.670396289955,SciPy HiGHS MILP,Optimization terminated successfully. (HiGHS Status 7: Optimal),0.0,0,1,2
风电1-光伏2,63,21,87.5,87.5,87.5,87.5,00:00-18:00、21:00-24:00,60.72,871.5,932.22,252.324,250.88,503.204,448.9924,19.9764,92.06031748555259,51.836218918281084,3.9698412572237105,是,是,是,3,全部达标,37848.6,30105.6,211446.05075999998,7549.081560000001,42000.0,63000.0,63.0,3287.671232876712,380201.84043287666,6034.949848140899,SciPy HiGHS MILP,Optimization terminated successfully. (HiGHS Status 7: Optimal),0.0,1,1,2
风电1-光伏2,54,18,75.0,75.0,75.0,75.0,00:00-17:00、23:00-24:00,60.72,747.0,807.7199999999999,252.324,250.88,503.204,342.7184,38.2024,84.81633691306108,57.56965284999753,7.591831543469447,是,是,是,3,全部达标,37848.6,30105.6,146895.22316,14436.68696,36000.0,54000.0,54.0,3287.671232876712,293754.40743287676,5439.896433942162,SciPy HiGHS MILP,Optimization terminated successfully. (HiGHS Status 7: Optimal),0.0,1,1,2
风电1-光伏2,45,15,62.5,62.5,62.5,62.5,00:00-07:00、09:00-10:00、11:00-17:00、23:00-24:00,60.72,622.5,683.22,252.324,250.88,503.204,298.3182,118.3022,52.980421459288884,56.336436286993944,23.50978927035556,否,是,否,1,部分达标,37848.6,30105.6,118219.08268,44706.40138,30000.0,45000.0,45.0,3287.671232876712,219799.55253287673,4884.434500730594,SciPy HiGHS MILP,Optimization terminated successfully. (HiGHS Status 7: Optimal),0.0,1,1,2
风电1-光伏2,36,12,50.0,50.0,50.0,50.0,00:00-07:00、11:00-14:00、15:00-16:00、23:00-24:00,60.72,498.0,558.72,252.324,250.88,503.204,262.5022,206.98620000000003,17.732688929340775,53.017217926689575,41.13365553532961,否,是,否,1,部分达标,37848.6,30105.6,95212.15427999999,78220.08498000001,24000.0,36000.0,36.0,3287.671232876712,148269.94053287667,4118.609459246574,SciPy HiGHS MILP,Optimization terminated successfully. (HiGHS Status 7: Optimal),0.0,1,1,2
风电1-光伏3,72,24,100.0,100.0,100.0,100.0,00:00-24:00,60.72,996.0,1056.7199999999998,252.324,85.12,337.44399999999996,719.2760000000001,0.0,99.99999999999993,31.933151639033998,0.0,是,是,是,3,全部达标,37848.6,10214.400000000001,416340.8114,0.0,48000.0,72000.0,72.0,3287.671232876712,587763.4826328767,8163.381703234399,SciPy HiGHS MILP,Optimization terminated successfully. (HiGHS Status 7: Optimal),0.0,0,1,3
风电1-光伏3,63,21,87.5,87.5,87.5,87.5,00:00-18:00、21:00-24:00,60.72,871.5,932.22,252.324,85.12,337.44399999999996,605.3822,10.6062,93.7138014011214,35.06015747355774,3.143099299439315,是,是,是,3,全部达标,37848.6,10214.400000000001,324952.42628,4008.08298,42000.0,63000.0,63.0,3287.671232876712,477358.0145328767,7577.111341791694,SciPy HiGHS MILP,Optimization terminated successfully. (HiGHS Status 7: Optimal),0.0,1,1,3
风电1-光伏3,54,18,75.0,75.0,75.0,75.0,00:00-10:00、12:00-14:00、15:00-18:00、21:00-24:00,60.72,747.0,807.72,252.324,85.12,337.44399999999996,526.3,56.024,66.79508303600008,34.841281632248794,16.602458481999978,是,是,是,3,全部达标,37848.6,10214.400000000001,261496.869,21171.469600000004,36000.0,54000.0,54.0,3287.671232876712,381730.0706328767,7069.075382090309,SciPy HiGHS MILP,Optimization terminated successfully. (HiGHS Status 7: Optimal),0.0,1,1,3
风电1-光伏3,45,15,62.5,62.5,62.5,62.5,00:00-10:00、13:00-14:00、15:00-18:00、23:00-24:00,60.72,622.5,683.22,252.324,85.12,337.44399999999996,426.558,80.78200000000001,52.12124085774232,37.56652322824272,23.939379571128846,否,是,否,1,部分达标,37848.6,10214.400000000001,196599.4372,30527.517800000005,30000.0,45000.0,45.0,3287.671232876712,292467.59063287673,6499.279791841705,SciPy HiGHS MILP,Optimization terminated successfully. (HiGHS Status 7: Optimal),0.0,1,1,3
风电1-光伏3,36,12,50.0,50.0,50.0,50.0,00:00-10:00、15:00-16:00、23:00-24:00,60.72,498.0,558.72,252.324,85.12,337.44399999999996,345.8904,124.61439999999999,26.142174701580128,38.092353951890026,36.92891264920994,否,是,否,1,部分达标,37848.6,10214.400000000001,144561.92596,47091.78176,24000.0,36000.0,36.0,3287.671232876712,208856.8154328767,5801.578206468797,SciPy HiGHS MILP,Optimization terminated successfully. (HiGHS Status 7: Optimal),0.0,1,1,3
风电1-光伏4,72,24,100.0,100.0,100.0,100.0,00:00-24:00,60.72,996.0,1056.7199999999998,252.324,20.480000000000004,272.804,783.9159999999999,0.0,99.99999999999996,25.81611022787494,0.0,是,否,是,2,部分达标,37848.6,2457.6000000000004,463590.3474,0.0,48000.0,72000.0,72.0,3287.671232876712,627256.2186328768,8711.89192545662,SciPy HiGHS MILP,Optimization terminated successfully. (HiGHS Status 7: Optimal),0.0,0,1,4
风电1-光伏4,63,21,87.5,87.5,87.5,87.5,00:00-18:00、21:00-24:00,60.72,871.5,932.22,252.324,20.480000000000004,272.804,668.7422,9.3262,93.16271022419028,28.263478578018063,3.4186448879048696,是,否,是,2,部分达标,37848.6,2457.6000000000004,371174.89028,3524.37098,42000.0,63000.0,63.0,3287.671232876712,516307.3905328767,8195.355405283757,SciPy HiGHS MILP,Optimization terminated successfully. (HiGHS Status 7: Optimal),0.0,1,1,4
风电1-光伏4,54,18,75.0,75.0,75.0,75.0,00:00-10:00、12:00-14:00、15:00-18:00、21:00-24:00,60.72,747.0,807.72,252.324,20.480000000000004,272.804,565.34,30.424,77.69534171053212,30.00792353785965,11.15232914473395,是,是,是,3,全部达标,37848.6,2457.6000000000004,288204.965,11497.2296,36000.0,54000.0,54.0,3287.671232876712,410355.60663287673,7599.177900608828,SciPy HiGHS MILP,Optimization terminated successfully. (HiGHS Status 7: Optimal),0.0,1,1,4
风电1-光伏4,45,15,62.5,62.5,62.5,62.5,00:00-10:00、15:00-18:00、22:00-24:00,60.72,622.5,683.22,252.324,20.480000000000004,272.804,472.82820000000004,62.4122,54.24392604214015,30.79415122508123,22.87803697892993,否,是,否,1,部分达标,37848.6,2457.6000000000004,221663.94567999998,23585.57038,30000.0,45000.0,45.0,3287.671232876712,316717.2465328767,7038.161034063926,SciPy HiGHS MILP,Optimization terminated successfully. (HiGHS Status 7: Optimal),0.0,1,1,4
风电1-光伏4,36,12,50.0,50.0,50.0,50.0,00:00-10:00、15:00-16:00、23:00-24:00,60.72,498.0,558.72,252.324,20.480000000000004,272.804,361.2504,75.33439999999999,44.7703112857583,35.34321305841924,27.61484435712086,否,是,否,1,部分达标,37848.6,2457.6000000000004,153891.58995999998,28468.869759999998,24000.0,36000.0,36.0,3287.671232876712,229052.59143287668,6362.571984246574,SciPy HiGHS MILP,Optimization terminated successfully. (HiGHS Status 7: Optimal),0.0,1,1,4
风电2-光伏1,72,24,100.0,100.0,100.0,100.0,00:00-24:00,60.72,996.0,1056.7199999999998,149.464,509.44000000000005,658.904,487.42799999999994,89.61199999999998,72.79967946772214,53.87349534408359,13.60016026613892,是,是,是,3,全部达标,22419.6,61132.8,247139.61519999997,33864.3748,48000.0,72000.0,72.0,3287.671232876712,420187.3116328767,5835.934883789954,SciPy HiGHS MILP,Optimization terminated successfully. (HiGHS Status 7: Optimal),0.0,0,2,1
风电2-光伏1,63,21,87.5,87.5,87.5,87.5,00:00-18:00、21:00-24:00,60.72,871.5,932.22,149.464,509.44000000000005,658.904,380.75019999999995,107.43419999999998,67.39002950353924,59.15661539121667,16.30498524823039,是,是,是,3,全部达标,22419.6,61132.8,161541.34848000002,40599.384179999994,42000.0,63000.0,63.0,3287.671232876712,312845.03553287673,4965.794214807567,SciPy HiGHS MILP,Optimization terminated successfully. (HiGHS Status 7: Optimal),0.0,1,2,1
风电2-光伏1,54,18,75.0,75.0,75.0,75.0,00:00-17:00、23:00-24:00,60.72,747.0,807.7199999999999,149.464,509.44000000000005,658.904,284.6024,135.7864,58.784162791544745,64.7647204476799,20.607918604227624,否,是,否,1,部分达标,22419.6,61132.8,103141.17476,51313.68056,36000.0,54000.0,54.0,3287.671232876712,228721.5654328767,4235.584545053272,SciPy HiGHS MILP,Optimization terminated successfully. (HiGHS Status 7: Optimal),0.0,0,2,1
风电2-光伏1,45,15,62.5,62.5,62.5,62.5,00:00-07:00、09:00-16:00、23:00-24:00,60.72,622.5,683.22,149.464,509.44000000000005,658.904,263.2564,238.94039999999998,27.473380037152616,61.468282544422,36.263309981423696,否,是,否,1,部分达标,22419.6,61132.8,90175.61435999999,90295.57716,30000.0,45000.0,45.0,3287.671232876712,161765.1084328767,3594.78018739726,SciPy HiGHS MILP,Optimization terminated successfully. (HiGHS Status 7: Optimal),2.4260712868265546e-13,1,2,1
风电2-光伏1,36,12,50.0,50.0,50.0,50.0,00:00-07:00、12:00-16:00、23:00-24:00,60.72,498.0,558.72,149.464,509.44000000000005,658.904,263.2564,363.44039999999995,-10.31664703811176,52.88223081328752,55.158323519055884,否,是,否,1,部分达标,22419.6,61132.8,90175.61435999999,137344.12716,24000.0,36000.0,36.0,3287.671232876712,99707.55843287669,2769.6544009132413,SciPy HiGHS MILP,Optimization terminated successfully. (HiGHS Status 7: Optimal),1.079781834870231e-15,1,2,1
风电2-光伏2,72,24,100.0,100.0,100.0,100.0,00:00-24:00,60.72,996.0,1056.7199999999998,149.464,250.88,400.34400000000005,656.376,0.0,99.99999999999994,37.88553259141496,0.0,是,是,是,3,全部达标,22419.6,30105.6,354449.83139999997,0.0,48000.0,72000.0,72.0,3287.671232876712,530334.7026328767,7365.7597587899545,SciPy HiGHS MILP,Optimization terminated successfully. (HiGHS Status 7: Optimal),0.0,0,2,2
风电2-光伏2,63,21,87.5,87.5,87.5,87.5,00:00-18:00、21:00-24:00,60.72,871.5,932.22,149.464,250.88,400.34400000000005,541.3782,9.5022,95.2529824351058,41.925918774538204,2.3735087824470953,是,是,是,3,全部达标,22419.6,30105.6,262175.59668,3590.8813800000003,42000.0,63000.0,63.0,3287.671232876712,419460.58653287677,6658.104548140901,SciPy HiGHS MILP,Optimization terminated successfully. (HiGHS Status 7: Optimal),0.0,1,2,2
风电2-光伏2,54,18,75.0,75.0,75.0,75.0,00:00-07:00、08:00-18:00、23:00-24:00,60.72,747.0,807.72,149.464,250.88,400.34400000000005,424.91200000000003,17.536,91.23953400075932,47.393651265289954,4.3802329996203255,是,是,是,3,全部达标,22419.6,30105.6,191434.0268,6626.854400000001,36000.0,54000.0,54.0,3287.671232876712,330674.0436328767,6123.593400608828,SciPy HiGHS MILP,Optimization terminated successfully. (HiGHS Status 7: Optimal),0.0,1,2,2
风电2-光伏2,45,15,62.5,62.5,62.5,62.5,00:00-07:00、09:00-10:00、11:00-17:00、23:00-24:00,60.72,622.5,683.22,149.464,250.88,400.34400000000005,351.27419999999995,68.3982,65.8302859540795,48.58549222797928,17.084857022960254,是,是,是,3,全部达标,22419.6,30105.6,143718.20807999998,25847.679780000002,30000.0,45000.0,45.0,3287.671232876712,248728.39953287668,5527.297767397259,SciPy HiGHS MILP,Optimization terminated successfully. (HiGHS Status 7: Optimal),0.0,1,2,2
风电2-光伏2,36,12,50.0,50.0,50.0,50.0,00:00-07:00、12:00-16:00、23:00-24:00,60.72,498.0,558.72,149.464,250.88,400.34400000000005,298.45219999999995,140.0762,30.022081010331135,46.582867983963354,34.98895949483444,否,是,否,1,部分达标,22419.6,30105.6,109733.26527999998,52934.79598,24000.0,36000.0,36.0,3287.671232876712,172647.3405328767,4795.759459246575,SciPy HiGHS MILP,Optimization terminated successfully. (HiGHS Status 7: Optimal),0.0,1,2,2
风电2-光伏3,72,24,100.0,100.0,100.0,100.0,00:00-24:00,60.72,996.0,1056.7199999999998,149.464,85.12,234.584,822.136,0.0,99.99999999999993,22.199258081611028,0.0,是,否,是,2,部分达标,22419.6,10214.400000000001,475474.8554,0.0,48000.0,72000.0,72.0,3287.671232876712,631468.5266328767,8770.396203234399,SciPy HiGHS MILP,Optimization terminated successfully. (HiGHS Status 7: Optimal),0.0,0,2,3
风电2-光伏3,63,21,87.5,87.5,87.5,87.5,00:00-18:00、21:00-24:00,60.72,871.5,932.22,149.464,85.12,234.584,705.2182,7.5822,93.53562050267705,24.350668297183066,3.2321897486614604,是,否,是,2,部分达标,22419.6,10214.400000000001,381660.01268000004,2865.3133800000005,42000.0,63000.0,63.0,3287.671232876712,519779.37053287675,8250.466198934551,SciPy HiGHS MILP,Optimization terminated successfully. (HiGHS Status 7: Optimal),0.0,0,2,3
风电2-光伏3,54,18,75.0,75.0,75.0,75.0,00:00-10:00、13:00-18:00、21:00-24:00,60.72,747.0,807.72,149.464,85.12,234.584,616.5142000000001,43.3782,63.01691504961974,23.67228742633586,18.491542475190123,是,否,是,2,部分达标,22419.6,10214.400000000001,310483.9230800001,16392.62178,36000.0,54000.0,54.0,3287.671232876712,420066.9725328768,7779.018009868089,SciPy HiGHS MILP,Optimization terminated successfully. (HiGHS Status 7: Optimal),0.0,0,2,3
风电2-光伏3,45,15,62.5,62.5,62.5,62.5,00:00-10:00、15:00-18:00、22:00-24:00,60.72,622.5,683.22,149.464,85.12,234.584,526.4464,77.8104,33.66094874330731,22.946283773894205,33.16952562834635,否,否,否,0,全部不达标,22419.6,10214.400000000001,246306.02036000002,29404.550160000003,30000.0,45000.0,45.0,3287.671232876712,327868.1414328767,7285.9586985083715,SciPy HiGHS MILP,Optimization terminated successfully. (HiGHS Status 7: Optimal),0.0,0,2,3
风电2-光伏3,36,12,50.0,50.0,50.0,50.0,00:00-07:00、09:00-10:00、15:00-18:00、23:00-24:00,60.72,498.0,558.72,149.464,85.12,234.584,411.9984,87.86240000000001,25.090884288783567,26.260309278350512,37.45455785560823,否,否,否,0,全部不达标,22419.6,10214.400000000001,176790.30516,33203.20096000001,24000.0,36000.0,36.0,3287.671232876712,239544.7754328767,6654.02153980213,SciPy HiGHS MILP,Optimization terminated successfully. (HiGHS Status 7: Optimal),0.0,0,2,3
风电2-光伏4,72,24,100.0,100.0,100.0,100.0,00:00-24:00,60.72,996.0,1056.7199999999998,149.464,20.480000000000004,169.94400000000002,886.7760000000001,0.0,99.99999999999983,16.082216670451967,0.0,是,否,是,2,部分达标,22419.6,2457.6000000000004,522724.3914000001,0.0,48000.0,72000.0,72.0,3287.671232876712,670961.2626328768,9318.906425456622,SciPy HiGHS MILP,Optimization terminated successfully. (HiGHS Status 7: Optimal),0.0,0,2,4
风电2-光伏4,63,21,87.5,87.5,87.5,87.5,00:00-10:00、12:00-20:00、21:00-24:00,60.72,871.5,932.22,149.464,20.480000000000004,169.94400000000002,765.6318,3.3558,96.05069905380594,17.870052133616532,1.9746504730970198,是,否,是,2,部分达标,22419.6,2457.6000000000004,425518.28532,1268.1568200000002,42000.0,63000.0,63.0,3287.671232876712,557477.9997328768,8848.857138617092,SciPy HiGHS MILP,Optimization terminated successfully. (HiGHS Status 7: Optimal),0.0,1,2,4
风电2-光伏4,54,18,75.0,75.0,75.0,75.0,00:00-10:00、13:00-18:00、21:00-24:00,60.72,747.0,807.72,149.464,20.480000000000004,169.94400000000002,652.9942,15.2182,82.09033563997554,19.15587084633289,8.954832180012238,是,否,是,2,部分达标,22419.6,2457.6000000000004,335137.87508,5750.957780000001,36000.0,54000.0,54.0,3287.671232876712,447605.78853287676,8288.996083942162,SciPy HiGHS MILP,Optimization terminated successfully. (HiGHS Status 7: Optimal),0.0,1,2,4
风电2-光伏4,45,15,62.5,62.5,62.5,62.5,00:00-10:00、15:00-18:00、22:00-24:00,60.72,622.5,683.22,149.464,20.480000000000004,169.94400000000002,550.1264,36.8504,56.63230240549828,19.480343081291533,21.683848797250857,否,否,否,0,全部不达标,22419.6,2457.6000000000004,260689.25236,13925.766160000001,30000.0,45000.0,45.0,3287.671232876712,349973.3574328767,7777.185720730594,SciPy HiGHS MILP,Optimization terminated successfully. (HiGHS Status 7: Optimal),0.0,1,2,4
风电2-光伏4,36,12,50.0,50.0,50.0,50.0,00:00-08:00、15:00-18:00、23:00-24:00,60.72,498.0,558.72,149.464,20.480000000000004,169.94400000000002,427.5886,38.8126,54.32307112931321,23.46996706758305,22.838464435343404,否,否,否,0,全部不达标,22419.6,2457.6000000000004,186259.79264,14667.281540000002,24000.0,36000.0,36.0,3287.671232876712,259793.38233287673,7216.48284257991,SciPy HiGHS MILP,Optimization terminated successfully. (HiGHS Status 7: Optimal),0.0,0,2,4
风电3-光伏1,72,24,100.0,100.0,100.0,100.0,00:00-24:00,60.72,996.0,1056.7199999999998,271.40000000000003,509.44000000000005,780.8399999999999,402.2482,126.36819999999999,67.6327544695456,61.93426830191536,16.18362276522719,是,是,是,3,全部达标,40710.00000000001,61132.8,202880.10468,47754.542779999996,48000.0,72000.0,72.0,3287.671232876712,380328.03313287674,5282.333793512177,SciPy HiGHS MILP,Optimization terminated successfully. (HiGHS Status 7: Optimal),0.0,0,3,1
风电3-光伏1,63,21,87.5,87.5,87.5,87.5,00:00-18:00、21:00-24:00,60.72,871.5,932.22,271.40000000000003,509.44000000000005,780.8399999999999,311.2944,159.9144,59.040418011372374,66.60719572633069,20.479790994313817,否,是,否,1,部分达标,40710.00000000001,61132.8,129898.77556,60431.65176000001,42000.0,63000.0,63.0,3287.671232876712,279660.5950328767,4439.057064013916,SciPy HiGHS MILP,Optimization terminated successfully. (HiGHS Status 7: Optimal),0.0,1,3,1
风电3-光伏1,54,18,75.0,75.0,75.0,75.0,00:00-17:00、23:00-24:00,60.72,747.0,807.7199999999999,271.40000000000003,509.44000000000005,780.8399999999999,229.8364,202.9564,48.01588033399927,71.54504036052096,25.992059833000365,否,是,否,1,部分达标,40710.00000000001,61132.8,80421.18635999999,76697.22356000001,36000.0,54000.0,54.0,3287.671232876712,198908.4340328767,3683.4895191273467,SciPy HiGHS MILP,Optimization terminated successfully. (HiGHS Status 7: Optimal),0.0,1,3,1
风电3-光伏1,45,15,62.5,62.5,62.5,62.5,00:00-07:00、10:00-17:00、23:00-24:00,60.72,622.5,683.22,271.40000000000003,509.44000000000005,780.8399999999999,223.3262,320.9462,17.79463142257057,67.31269576417552,41.10268428871472,否,是,否,1,部分达标,40710.00000000001,61132.8,76466.89087999999,121285.56898,30000.0,45000.0,45.0,3287.671232876712,135356.79313287674,3007.92873628615,SciPy HiGHS MILP,Optimization terminated successfully. (HiGHS Status 7: Optimal),1.298736673660783e-15,1,3,1
风电3-光伏1,36,12,50.0,50.0,50.0,50.0,00:00-07:00、13:00-17:00、23:00-24:00,60.72,498.0,558.72,271.40000000000003,509.44000000000005,780.8399999999999,223.3262,445.44620000000003,-14.09410378566672,60.02895904925541,57.047051892833366,否,是,否,1,部分达标,40710.00000000001,61132.8,76466.89087999999,168334.11898000003,24000.0,36000.0,36.0,3287.671232876712,73299.2431328767,2036.0900870243527,SciPy HiGHS MILP,Optimization terminated successfully. (HiGHS Status 7: Optimal),0.0,1,3,1
风电3-光伏2,72,24,100.0,100.0,100.0,100.0,00:00-24:00,60.72,996.0,1056.7199999999998,271.40000000000003,250.88,522.28,538.1664,3.7264000000000053,98.5730259630849,49.07199636611402,0.7134870184575334,是,是,是,3,全部达标,40710.00000000001,30105.6,287056.84836,1408.2065600000021,48000.0,72000.0,72.0,3287.671232876712,479823.91303287674,6664.22101434551,SciPy HiGHS MILP,Optimization terminated successfully. (HiGHS Status 7: Optimal),0.0,0,3,2
风电3-光伏2,63,21,87.5,87.5,87.5,87.5,00:00-18:00、21:00-24:00,60.72,871.5,932.22,271.40000000000003,250.88,522.28,438.8926,28.95260000000001,88.9129968599219,52.91963270472635,5.543501570039062,是,是,是,3,全部达标,40710.00000000001,30105.6,207399.55124,10941.187540000004,42000.0,63000.0,63.0,3287.671232876712,375624.63493287674,5962.295792585345,SciPy HiGHS MILP,Optimization terminated successfully. (HiGHS Status 7: Optimal),0.0,1,3,2
风电3-光伏2,54,18,75.0,75.0,75.0,75.0,00:00-07:00、08:00-18:00、23:00-24:00,60.72,747.0,807.72,271.40000000000003,250.88,522.28,336.4962,51.05620000000001,80.4487248219346,58.3399940573466,9.775637589032705,是,是,是,3,全部达标,40710.00000000001,30105.6,145203.97788,19294.137980000007,36000.0,54000.0,54.0,3287.671232876712,290067.1111328767,5371.613169127347,SciPy HiGHS MILP,Optimization terminated successfully. (HiGHS Status 7: Optimal),0.0,0,3,2
风电3-光伏2,45,15,62.5,62.5,62.5,62.5,00:00-07:00、09:00-10:00、11:00-17:00、23:00-24:00,60.72,622.5,683.22,271.40000000000003,250.88,522.28,278.0304,117.09040000000002,55.16182890403615,59.305875120751715,22.41908554798193,否,是,否,1,部分达标,40710.00000000001,30105.6,107379.89196,44248.46216000001,30000.0,45000.0,45.0,3287.671232876712,212279.70103287674,4717.326689619483,SciPy HiGHS MILP,Optimization terminated successfully. (HiGHS Status 7: Optimal),0.0,0,3,2
风电3-光伏2,36,12,50.0,50.0,50.0,50.0,00:00-07:00、12:00-16:00、23:00-24:00,60.72,498.0,558.72,271.40000000000003,250.88,522.28,245.10039999999998,208.6604,20.096346787163988,56.131801260022904,39.95182660641802,否,是,否,1,部分达标,40710.00000000001,30105.6,86453.90996,78852.76516000001,24000.0,36000.0,36.0,3287.671232876712,141740.4160328767,3937.2337786910193,SciPy HiGHS MILP,Optimization terminated successfully. (HiGHS Status 7: Optimal),0.0,1,3,2
风电3-光伏3,72,24,100.0,100.0,100.0,100.0,00:00-24:00,60.72,996.0,1056.7199999999998,271.40000000000003,85.12,356.52000000000004,700.1999999999999,0.0,99.99999999999996,33.73836020894846,0.0,是,是,是,3,全部达标,40710.00000000001,10214.400000000001,405091.809,0.0,48000.0,72000.0,72.0,3287.671232876712,579375.8802328767,8046.887225456621,SciPy HiGHS MILP,Optimization terminated successfully. (HiGHS Status 7: Optimal),0.0,0,3,3
风电3-光伏3,63,21,87.5,87.5,87.5,87.5,00:00-18:00、21:00-24:00,60.72,871.5,932.22,271.40000000000003,85.12,356.52000000000004,599.0062,23.306200000000004,86.92572646695837,35.744116195747786,6.537136766520812,是,是,是,3,全部达标,40710.00000000001,10214.400000000001,323893.90388000006,8807.412980000003,42000.0,63000.0,63.0,3287.671232876712,474361.5621328768,7529.548605283759,SciPy HiGHS MILP,Optimization terminated successfully. (HiGHS Status 7: Optimal),0.0,1,3,3
风电3-光伏3,54,18,75.0,75.0,75.0,75.0,00:00-10:00、12:00-14:00、15:00-18:00、21:00-24:00,60.72,747.0,807.72,271.40000000000003,85.12,356.52000000000004,522.284,71.084,60.12341523617187,35.338483632942115,19.938292381914057,是,是,是,3,全部达标,40710.00000000001,10214.400000000001,262332.0106,26862.643600000003,36000.0,54000.0,54.0,3287.671232876712,379735.4382328767,7032.137745053273,SciPy HiGHS MILP,Optimization terminated successfully. (HiGHS Status 7: Optimal),0.0,1,3,3
风电3-光伏3,45,15,62.5,62.5,62.5,62.5,00:00-10:00、13:00-14:00、15:00-18:00、23:00-24:00,60.72,622.5,683.22,271.40000000000003,85.12,356.52000000000004,427.13,100.43,43.66094468753505,37.48280202570183,28.169527656232468,否,是,否,1,部分达标,40710.00000000001,10214.400000000001,200310.25,37952.497,30000.0,45000.0,45.0,3287.671232876712,291614.82423287677,6480.3294273972615,SciPy HiGHS MILP,Optimization terminated successfully. (HiGHS Status 7: Optimal),0.0,1,3,3
风电3-光伏3,36,12,50.0,50.0,50.0,50.0,00:00-07:00、09:00-10:00、15:00-18:00、23:00-24:00,60.72,498.0,558.72,271.40000000000003,85.12,356.52000000000004,345.2962,143.0962,19.726130371367667,38.19870418098511,40.13693481431616,否,是,否,1,部分达标,40710.00000000001,10214.400000000001,146820.26888000002,54076.05398000001,24000.0,36000.0,36.0,3287.671232876712,206992.2861328767,5749.785725913242,SciPy HiGHS MILP,Optimization terminated successfully. (HiGHS Status 7: Optimal),0.0,1,3,3
风电3-光伏4,72,24,100.0,100.0,100.0,100.0,00:00-24:00,60.72,996.0,1056.7199999999998,271.40000000000003,20.480000000000004,291.88,764.8399999999999,0.0,99.99999999999996,27.62131879778939,0.0,是,否,是,2,部分达标,40710.00000000001,2457.6000000000004,452341.3449999999,0.0,48000.0,72000.0,72.0,3287.671232876712,618868.6162328767,8595.397447678843,SciPy HiGHS MILP,Optimization terminated successfully. (HiGHS Status 7: Optimal),0.0,0,3,4
风电3-光伏4,63,21,87.5,87.5,87.5,87.5,00:00-10:00、12:00-20:00、21:00-24:00,60.72,871.5,932.22,271.40000000000003,20.480000000000004,291.88,657.0717999999999,16.7318,88.5351514320954,29.51537190791873,5.73242428395231,是,否,是,2,部分达标,40710.00000000001,2457.6000000000004,365868.14132,6322.947220000001,42000.0,63000.0,63.0,3287.671232876712,511063.4653328768,8112.11849734725,SciPy HiGHS MILP,Optimization terminated successfully. (HiGHS Status 7: Optimal),0.0,1,3,4
风电3-光伏4,54,18,75.0,75.0,75.0,75.0,00:00-10:00、13:00-18:00、21:00-24:00,60.72,747.0,807.72,271.40000000000003,20.480000000000004,291.88,560.1022,44.26220000000001,69.67096066876798,30.656390828504925,15.164519665616009,是,是,是,3,全部达标,40710.00000000001,2457.6000000000004,288059.73428000003,16726.685380000003,36000.0,54000.0,54.0,3287.671232876712,407842.3201328768,7552.635558016237,SciPy HiGHS MILP,Optimization terminated successfully. (HiGHS Status 7: Optimal),0.0,1,3,4
风电3-光伏4,45,15,62.5,62.5,62.5,62.5,00:00-10:00、15:00-18:00、22:00-24:00,60.72,622.5,683.22,271.40000000000003,20.480000000000004,291.88,468.0122,76.6722,47.46320405646158,31.499048622698396,26.268397971769218,否,是,否,1,部分达标,40710.00000000001,2457.6000000000004,221357.96727999998,28974.424380000004,30000.0,45000.0,45.0,3287.671232876712,313883.8141328767,6975.195869619482,SciPy HiGHS MILP,Optimization terminated successfully. (HiGHS Status 7: Optimal),0.0,1,3,4
风电3-光伏4,36,12,50.0,50.0,50.0,50.0,00:00-08:00、15:00-18:00、23:00-24:00,60.72,498.0,558.72,271.40000000000003,20.480000000000004,291.88,362.8224,95.98240000000001,34.23160202823079,35.061855670103085,32.884198985884616,否,是,否,1,部分达标,40710.00000000001,2457.6000000000004,157465.68276,36271.748960000004,24000.0,36000.0,36.0,3287.671232876712,227685.20503287672,6324.58902869102,SciPy HiGHS MILP,Optimization terminated successfully. (HiGHS Status 7: Optimal),0.0,1,3,4
风电4-光伏1,72,24,100.0,100.0,100.0,100.0,00:00-24:00,60.72,996.0,1056.7199999999998,367.484,509.44000000000005,876.924,353.50199999999995,173.706,60.38288380749071,66.54724051782877,19.808558096254636,是,是,是,3,全部达标,55122.6,61132.8,181417.72280000005,65643.49740000001,48000.0,72000.0,72.0,3287.671232876712,355389.29663287674,4935.962453234399,SciPy HiGHS MILP,Optimization terminated successfully. (HiGHS Status 7: Optimal),0.0,0,4,1
风电4-光伏1,63,21,87.5,87.5,87.5,87.5,00:00-19:00、22:00-24:00,60.72,871.5,932.22,367.484,509.44000000000005,876.924,246.832,191.536,56.31639685993313,73.52212996932053,21.841801570033436,否,是,否,1,部分达标,55122.6,61132.8,103218.9838,72381.4544,42000.0,63000.0,63.0,3287.671232876712,255443.60063287674,4054.66032750598,SciPy HiGHS MILP,Optimization terminated successfully. (HiGHS Status 7: Optimal),0.0,1,4,1
风电4-光伏1,54,18,75.0,75.0,75.0,75.0,00:00-17:00、23:00-24:00,60.72,747.0,807.7199999999999,367.484,509.44000000000005,876.924,188.95420000000001,258.15819999999997,41.12187601206033,76.60647253998911,29.43906199396983,否,是,否,1,部分达标,55122.6,61132.8,64697.918079999996,97557.98378,36000.0,54000.0,54.0,3287.671232876712,176737.0055328767,3272.9075098680873,SciPy HiGHS MILP,Optimization terminated successfully. (HiGHS Status 7: Optimal),0.0,1,4,1
风电4-光伏1,45,15,62.5,62.5,62.5,62.5,00:00-07:00、10:00-17:00、23:00-24:00,60.72,622.5,683.22,367.484,509.44000000000005,876.924,188.95420000000001,382.65819999999997,12.727169059120294,72.34357893504288,43.63641547043986,否,是,否,1,部分达标,55122.6,61132.8,64697.918079999996,144606.53378,30000.0,45000.0,45.0,3287.671232876712,114679.45553287672,2548.4323451750383,SciPy HiGHS MILP,Optimization terminated successfully. (HiGHS Status 7: Optimal),0.0,1,4,1
风电4-光伏1,36,12,50.0,50.0,50.0,50.0,00:00-07:00、13:00-17:00、23:00-24:00,60.72,498.0,558.72,367.484,509.44000000000005,876.924,188.95420000000001,507.15819999999997,-15.667537893819755,66.180877720504,57.83376894690988,否,是,否,1,部分达标,55122.6,61132.8,64697.918079999996,191655.08378000002,24000.0,36000.0,36.0,3287.671232876712,52621.90553287669,1461.7195981354637,SciPy HiGHS MILP,Optimization terminated successfully. (HiGHS Status 7: Optimal),0.0,1,4,1
风电4-光伏2,72,24,100.0,100.0,100.0,100.0,00:00-24:00,60.72,996.0,1056.7199999999998,367.484,250.88,618.364,448.09619999999995,9.740200000000009,96.84968723923124,57.59555984555986,1.5751563803843702,是,是,是,3,全部达标,55122.6,30105.6,240285.61888000002,3680.8215800000035,48000.0,72000.0,72.0,3287.671232876712,445192.66853287676,6183.231507401066,SciPy HiGHS MILP,Optimization terminated successfully. (HiGHS Status 7: Optimal),0.0,0,4,2
风电4-光伏2,63,21,87.5,87.5,87.5,87.5,00:00-18:00、21:00-24:00,60.72,871.5,932.22,367.484,250.88,618.364,353.7584,39.90240000000001,87.09420341417028,62.05204779987557,6.4528982929148535,是,是,是,3,全部达标,55122.6,30105.6,164588.96816000002,15079.116960000005,42000.0,63000.0,63.0,3287.671232876712,343088.7224328767,5445.852737029789,SciPy HiGHS MILP,Optimization terminated successfully. (HiGHS Status 7: Optimal),0.0,1,4,2
风电4-光伏2,54,18,75.0,75.0,75.0,75.0,00:00-10:00、11:00-18:00、23:00-24:00,60.72,747.0,807.72,367.484,250.88,618.364,267.272,77.916,74.79930914477558,66.91031545585105,12.600345427612215,是,是,是,3,全部达标,55122.6,30105.6,109782.60980000002,29444.456400000003,36000.0,54000.0,54.0,3287.671232876712,258908.02463287674,4794.593048756977,SciPy HiGHS MILP,Optimization terminated successfully. (HiGHS Status 7: Optimal),0.0,1,4,2
风电4-光伏2,45,15,62.5,62.5,62.5,62.5,00:00-07:00、08:00-10:00、12:00-17:00、23:00-24:00,60.72,622.5,683.2199999999999,367.484,250.88,618.364,227.14600000000002,162.29000000000002,47.50988091156662,66.75360791545916,26.245059544216677,否,是,否,1,部分达标,55122.6,30105.6,84164.4174,61329.39100000001,30000.0,45000.0,45.0,3287.671232876712,186395.8976328767,4142.131058508371,SciPy HiGHS MILP,Optimization terminated successfully. (HiGHS Status 7: Optimal),0.0,1,4,2
风电4-光伏2,36,12,50.0,50.0,50.0,50.0,00:00-07:00、12:00-16:00、23:00-24:00,60.72,498.0,558.72,367.484,250.88,618.364,203.0342,262.6782,15.040914412870093,63.660831901489125,42.47954279356495,否,是,否,1,部分达标,55122.6,30105.6,69518.91008,99266.09178000002,24000.0,36000.0,36.0,3287.671232876712,118804.68953287671,3300.130264802131,SciPy HiGHS MILP,Optimization terminated successfully. (HiGHS Status 7: Optimal),0.0,1,4,2
风电4-光伏3,72,24,100.0,100.0,100.0,100.0,00:00-24:00,60.72,996.0,1056.7199999999998,367.484,85.12,452.60400000000004,604.116,0.0,99.99999999999994,42.831024301612544,0.0,是,是,是,3,全部达标,55122.6,10214.400000000001,353873.3674,0.0,48000.0,72000.0,72.0,3287.671232876712,542570.0386328767,7535.694981012177,SciPy HiGHS MILP,Optimization terminated successfully. (HiGHS Status 7: Optimal),0.0,0,4,3
风电4-光伏3,63,21,87.5,87.5,87.5,87.5,00:00-10:00、11:00-19:00、21:00-24:00,60.72,871.5,932.22,367.484,85.12,452.60400000000004,506.416,26.799999999999997,88.15741796360616,45.676342494261014,5.921291018196921,是,是,是,3,全部达标,55122.6,10214.400000000001,275478.88739999995,10127.72,42000.0,63000.0,63.0,3287.671232876712,439038.8386328767,6968.870454490107,SciPy HiGHS MILP,Optimization terminated successfully. (HiGHS Status 7: Optimal),0.0,1,4,3
风电4-光伏3,54,18,75.0,75.0,75.0,75.0,00:00-10:00、12:00-18:00、22:00-24:00,60.72,747.0,807.72,367.484,85.12,452.60400000000004,414.7718,59.6558,73.63885427437673,48.64906155598475,13.18057286281164,是,是,是,3,全部达标,55122.6,10214.400000000001,209336.85032,22543.92682,36000.0,54000.0,54.0,3287.671232876712,345471.5947328767,6397.622124682902,SciPy HiGHS MILP,Optimization terminated successfully. (HiGHS Status 7: Optimal),0.0,1,4,3
风电4-光伏3,45,15,62.5,62.5,62.5,62.5,00:00-10:00、14:00-18:00、23:00-24:00,60.72,622.5,683.22,367.484,85.12,452.60400000000004,338.8422,108.2262,52.17620701540419,50.40511109159568,23.911896492297902,否,是,否,1,部分达标,55122.6,10214.400000000001,155607.99928,40898.680980000005,30000.0,45000.0,45.0,3287.671232876712,258378.9895328767,5741.755322952816,SciPy HiGHS MILP,Optimization terminated successfully. (HiGHS Status 7: Optimal),0.0,1,4,3
风电4-光伏3,36,12,50.0,50.0,50.0,50.0,00:00-10:00、15:00-16:00、23:00-24:00,60.72,498.0,558.72,367.484,85.12,452.60400000000004,272.58639999999997,166.47039999999998,26.438829528682923,51.21234249713632,36.780585235658535,否,是,否,1,部分达标,55122.6,10214.400000000001,111764.91636,62909.16416,24000.0,36000.0,36.0,3287.671232876712,177516.4234328767,4931.011762024353,SciPy HiGHS MILP,Optimization terminated successfully. (HiGHS Status 7: Optimal),0.0,1,4,3
风电4-光伏4,72,24,100.0,100.0,100.0,100.0,00:00-24:00,60.72,996.0,1056.7199999999998,367.484,20.480000000000004,387.964,668.7560000000001,0.0,99.99999999999993,36.71398289045349,0.0,是,是,是,3,全部达标,55122.6,2457.6000000000004,401122.9034,0.0,48000.0,72000.0,72.0,3287.671232876712,582062.7746328767,8084.205203234399,SciPy HiGHS MILP,Optimization terminated successfully. (HiGHS Status 7: Optimal),0.0,0,4,4
风电4-光伏4,63,21,87.5,87.5,87.5,87.5,00:00-10:00、12:00-20:00、21:00-24:00,60.72,871.5,932.22,367.484,20.480000000000004,387.964,561.1118,16.8558,91.3106370694188,39.809079401857936,4.344681465290594,是,是,是,3,全部达标,55122.6,2457.6000000000004,314749.19732000004,6369.80682,42000.0,63000.0,63.0,3287.671232876712,474310.26173287677,7528.734313220266,SciPy HiGHS MILP,Optimization terminated successfully. (HiGHS Status 7: Optimal),0.0,1,4,4
风电4-光伏4,54,18,75.0,75.0,75.0,75.0,00:00-10:00、13:00-18:00、21:00-24:00,60.72,747.0,807.72,367.484,20.480000000000004,387.964,469.30219999999997,49.5462,74.45835180583768,41.89791016688951,12.77082409708117,是,是,是,3,全部达标,55122.6,2457.6000000000004,241081.17428,18723.508980000002,36000.0,54000.0,54.0,3287.671232876712,373279.5365328767,6912.584009868087,SciPy HiGHS MILP,Optimization terminated successfully. (HiGHS Status 7: Optimal),0.0,1,4,4
风电4-光伏4,45,15,62.5,62.5,62.5,62.5,00:00-10:00、15:00-18:00、22:00-24:00,60.72,622.5,683.22,367.484,20.480000000000004,387.964,380.97220000000004,85.7162,55.812291862131545,44.23872251983255,22.09385406893423,否,是,否,1,部分达标,55122.6,2457.6000000000004,177598.45128,32392.151980000002,30000.0,45000.0,45.0,3287.671232876712,281119.17053287674,6247.092678508372,SciPy HiGHS MILP,Optimization terminated successfully. (HiGHS Status 7: Optimal),0.0,1,4,4
风电4-光伏4,36,12,50.0,50.0,50.0,50.0,00:00-10:00、15:00-16:00、23:00-24:00,60.72,498.0,558.72,367.484,20.480000000000004,387.964,287.94640000000004,117.1904,39.58697198709158,48.46320160366552,30.206514006454206,否,是,否,1,部分达标,55122.6,2457.6000000000004,121094.58036,44286.252160000004,24000.0,36000.0,36.0,3287.671232876712,197712.19943287672,5492.005539802131,SciPy HiGHS MILP,Optimization terminated successfully. (HiGHS Status 7: Optimal),0.0,1,4,4
风电5-光伏1,72,24,100.0,100.0,100.0,100.0,00:00-24:00,60.72,996.0,1056.7199999999998,309.98,509.44000000000005,819.4200000000001,395.9442,158.64419999999998,61.27890459105218,62.53083125141951,19.360547704473895,是,是,是,3,全部达标,46497.0,61132.8,201792.07508,59951.64318,48000.0,72000.0,72.0,3287.671232876712,372829.90313287673,5178.193099067732,SciPy HiGHS MILP,Optimization terminated successfully. (HiGHS Status 7: Optimal),0.0,0,5,1
风电5-光伏1,63,21,87.5,87.5,87.5,87.5,00:00-18:00、21:00-24:00,60.72,871.5,932.22,309.98,509.44000000000005,819.4200000000001,305.3064,192.50639999999999,53.0139855019404,67.24953337195083,23.493007249029798,否,是,否,1,部分达标,46497.0,61132.8,129064.30436000002,72748.16856,42000.0,63000.0,63.0,3287.671232876712,272296.60703287675,4322.168365601218,SciPy HiGHS MILP,Optimization terminated successfully. (HiGHS Status 7: Optimal),0.0,1,5,1
风电5-光伏1,54,18,75.0,75.0,75.0,75.0,00:00-17:00、23:00-24:00,60.72,747.0,807.7199999999999,309.98,509.44000000000005,819.4200000000001,222.3924,234.0924,42.86387932928167,72.46664685782204,28.568060335359153,否,是,否,1,部分达标,46497.0,61132.8,78702.34075999999,88463.51796000001,36000.0,54000.0,54.0,3287.671232876712,191210.29403287667,3540.9313709791977,SciPy HiGHS MILP,Optimization terminated successfully. (HiGHS Status 7: Optimal),0.0,1,5,1
风电5-光伏1,45,15,62.5,62.5,62.5,62.5,00:00-07:00、10:00-17:00、23:00-24:00,60.72,622.5,683.22,309.98,509.44000000000005,819.4200000000001,212.7502,348.9502,14.829952893510045,68.8606598167501,42.58502355324497,否,是,否,1,部分达标,46497.0,61132.8,72845.66848000001,131868.28058000002,30000.0,45000.0,45.0,3287.671232876712,126939.8591328767,2820.885758508371,SciPy HiGHS MILP,Optimization terminated successfully. (HiGHS Status 7: Optimal),0.0,1,5,1
风电5-光伏1,36,12,50.0,50.0,50.0,50.0,00:00-07:00、13:00-17:00、23:00-24:00,60.72,498.0,558.72,309.98,509.44000000000005,819.4200000000001,212.7502,473.4502,-15.55739425447267,61.92185710194732,57.778697127236335,否,是,否,1,部分达标,46497.0,61132.8,72845.66848000001,178916.83058,24000.0,36000.0,36.0,3287.671232876712,64882.30913287671,1802.286364802131,SciPy HiGHS MILP,Optimization terminated successfully. (HiGHS Status 7: Optimal),0.0,1,5,1
风电5-光伏2,72,24,100.0,100.0,100.0,100.0,00:00-24:00,60.72,996.0,1056.7199999999998,309.98,250.88,560.8599999999999,505.7104,9.850400000000008,96.48739435866347,52.14338708456355,1.756302820668261,是,是,是,3,全部达标,46497.0,30105.6,268215.21396,3722.466160000003,48000.0,72000.0,72.0,3287.671232876712,464455.01903287676,6450.7641532344,SciPy HiGHS MILP,Optimization terminated successfully. (HiGHS Status 7: Optimal),0.0,0,5,2
风电5-光伏2,63,21,87.5,87.5,87.5,87.5,00:00-18:00、21:00-24:00,60.72,871.5,932.22,309.98,250.88,560.8599999999999,406.75260000000003,35.39260000000001,87.3791677067361,56.36731672781102,6.310416146631962,是,是,是,3,全部达标,46497.0,30105.6,188811.47524,13374.863540000004,42000.0,63000.0,63.0,3287.671232876712,360389.88293287676,5720.474332267885,SciPy HiGHS MILP,Optimization terminated successfully. (HiGHS Status 7: Optimal),0.0,1,5,2
风电5-光伏2,54,18,75.0,75.0,75.0,75.0,00:00-07:00、08:00-18:00、23:00-24:00,60.72,747.0,807.72,309.98,250.88,560.8599999999999,303.7442,56.88420000000001,79.71536568840712,62.3948645570247,10.142317155796459,是,是,是,3,全部达标,46497.0,30105.6,126244.17308,21496.539180000003,36000.0,54000.0,54.0,3287.671232876712,274691.9051328767,5086.887132090309,SciPy HiGHS MILP,Optimization terminated successfully. (HiGHS Status 7: Optimal),0.0,1,5,2
风电5-光伏2,45,15,62.5,62.5,62.5,62.5,00:00-07:00、09:00-15:00、16:00-17:00、23:00-24:00,60.72,622.5,683.22,309.98,250.88,560.8599999999999,253.6064,131.24640000000002,53.19815996861963,62.88071192295306,23.4009200156902,否,是,否,1,部分达标,46497.0,30105.6,95790.47335999999,49598.01456000001,30000.0,45000.0,45.0,3287.671232876712,201127.7300328767,4469.505111841704,SciPy HiGHS MILP,Optimization terminated successfully. (HiGHS Status 7: Optimal),0.0,1,5,2
风电5-光伏2,36,12,50.0,50.0,50.0,50.0,00:00-07:00、09:00-10:00、11:00-14:00、23:00-24:00,60.72,498.0,558.72,309.98,250.88,560.8599999999999,233.68220000000002,235.8222,15.906928645294727,58.17543671248566,42.04653567735265,否,是,否,1,部分达标,46497.0,30105.6,81828.56528,89117.20938000001,24000.0,36000.0,36.0,3287.671232876712,132637.62713287672,3684.3785314687975,SciPy HiGHS MILP,Optimization terminated successfully. (HiGHS Status 7: Optimal),0.0,1,5,2
风电5-光伏3,72,24,100.0,100.0,100.0,100.0,00:00-24:00,60.72,996.0,1056.7199999999998,309.98,85.12,395.1,661.6200000000001,0.0,99.99999999999991,37.38928003633887,0.0,是,是,是,3,全部达标,46497.0,10214.400000000001,381336.277,0.0,48000.0,72000.0,72.0,3287.671232876712,561407.3482328767,7797.324281012177,SciPy HiGHS MILP,Optimization terminated successfully. (HiGHS Status 7: Optimal),0.0,0,5,3
风电5-光伏3,63,21,87.5,87.5,87.5,87.5,00:00-18:00、21:00-24:00,60.72,871.5,932.22,309.98,85.12,395.1,560.7422,23.6222,88.0424196405973,39.848726695415245,5.978790179701341,是,是,是,3,全部达标,46497.0,10214.400000000001,300391.93028,8926.829380000001,42000.0,63000.0,63.0,3287.671232876712,456527.1721328767,7246.463049728201,SciPy HiGHS MILP,Optimization terminated successfully. (HiGHS Status 7: Optimal),0.0,1,5,3
风电5-光伏3,54,18,75.0,75.0,75.0,75.0,00:00-10:00、11:00-14:00、15:00-18:00、21:00-22:00、23:00-24:00,60.72,747.0,807.72,309.98,85.12,395.1,476.588,63.967999999999996,67.61933687674008,40.9958896647353,16.190331561629964,是,是,是,3,全部达标,46497.0,10214.400000000001,240053.5202,24173.5072,36000.0,54000.0,54.0,3287.671232876712,365933.0842328767,6776.538596905124,SciPy HiGHS MILP,Optimization terminated successfully. (HiGHS Status 7: Optimal),0.0,1,5,3
风电5-光伏3,45,15,62.5,62.5,62.5,62.5,00:00-07:00、08:00-10:00、12:00-14:00、15:00-18:00、23:00-24:00,60.72,622.5,683.22,309.98,85.12,395.1,388.96360000000004,100.8436,48.95287269045809,43.06905535552239,25.523563654770943,否,是,否,1,部分达标,46497.0,10214.400000000001,183017.81963999997,38108.79644,30000.0,45000.0,45.0,3287.671232876712,279953.0944328767,6221.179876286148,SciPy HiGHS MILP,Optimization terminated successfully. (HiGHS Status 7: Optimal),0.0,1,5,3
风电5-光伏3,36,12,50.0,50.0,50.0,50.0,00:00-07:00、08:00-10:00、15:00-17:00、23:00-24:00,60.72,498.0,558.7199999999999,309.98,85.12,395.1,320.6582,157.03820000000002,20.507112123513004,42.60842640320734,39.74644393824349,否,是,否,1,部分达标,46497.0,10214.400000000001,134657.78768,59344.73578000001,24000.0,36000.0,36.0,3287.671232876712,195348.1231328767,5426.336753691019,SciPy HiGHS MILP,Optimization terminated successfully. (HiGHS Status 7: Optimal),0.0,1,5,3
风电5-光伏4,72,24,100.0,100.0,100.0,100.0,00:00-24:00,60.72,996.0,1056.7199999999998,309.98,20.480000000000004,330.4599999999999,726.26,0.0,99.99999999999997,31.2722386251798,0.0,是,是,是,3,全部达标,46497.0,2457.6000000000004,428585.813,0.0,48000.0,72000.0,72.0,3287.671232876712,600900.0842328767,8345.834503234399,SciPy HiGHS MILP,Optimization terminated successfully. (HiGHS Status 7: Optimal),0.0,0,5,4
风电5-光伏4,63,21,87.5,87.5,87.5,87.5,00:00-18:00、21:00-24:00,60.72,871.5,932.22,309.98,20.480000000000004,330.4599999999999,624.1022,22.3422,86.47812140652424,33.05204779987555,6.760939296737882,是,是,是,3,全部达标,46497.0,2457.6000000000004,346614.39428,8443.11738,42000.0,63000.0,63.0,3287.671232876712,495476.5481328767,7864.707113220265,SciPy HiGHS MILP,Optimization terminated successfully. (HiGHS Status 7: Optimal),0.0,1,5,4
风电5-光伏4,54,18,75.0,75.0,75.0,75.0,00:00-10:00、12:00-14:00、15:00-18:00、21:00-24:00,60.72,747.0,807.72,309.98,20.480000000000004,330.4599999999999,532.932,55.672000000000004,66.30636083035769,34.020205021542104,16.846819584821162,是,是,是,3,全部达标,46497.0,2457.6000000000004,273459.42579999997,21038.448800000002,36000.0,54000.0,54.0,3287.671232876712,394717.24823287665,7309.578670979197,SciPy HiGHS MILP,Optimization terminated successfully. (HiGHS Status 7: Optimal),0.0,1,5,4
风电5-光伏4,45,15,62.5,62.5,62.5,62.5,00:00-10:00、15:00-18:00、21:00-22:00、23:00-24:00,60.72,622.5,683.22,309.98,20.480000000000004,330.4599999999999,445.4784,92.7184,43.8852508624342,34.797224905594085,28.057374568782915,否,是,否,1,部分达标,46497.0,2457.6000000000004,210473.57716,35038.28336,30000.0,45000.0,45.0,3287.671232876712,302722.5650328767,6727.168111841704,SciPy HiGHS MILP,Optimization terminated successfully. (HiGHS Status 7: Optimal),0.0,1,5,4
风电5-光伏4,36,12,50.0,50.0,50.0,50.0,00:00-07:00、08:00-10:00、16:00-17:00、21:00-22:00、23:00-24:00,60.72,498.0,558.7199999999999,309.98,20.480000000000004,330.4599999999999,338.4842,110.2242,33.290443624039206,39.417919530355086,33.3547781879804,否,是,否,1,部分达标,46497.0,2457.6000000000004,145485.30008000002,41653.72518,24000.0,36000.0,36.0,3287.671232876712,216109.84613287673,6003.051281468798,SciPy HiGHS MILP,Optimization terminated successfully. (HiGHS Status 7: Optimal),0.0,1,5,4
风电6-光伏1,72,24,100.0,100.0,100.0,100.0,00:00-24:00,60.72,996.0,1056.7199999999998,206.32,509.44000000000005,715.76,431.7862,90.8262,74.62104616072423,59.139015065485665,12.689476919637869,是,是,是,3,全部达标,30948.0,61132.8,215826.12587999998,34323.220980000006,48000.0,72000.0,72.0,3287.671232876712,396943.3761328767,5513.102446289955,SciPy HiGHS MILP,Optimization terminated successfully. (HiGHS Status 7: Optimal),0.0,0,6,1
风电6-光伏1,63,21,87.5,87.5,87.5,87.5,00:00-18:00、21:00-24:00,60.72,871.5,932.22,206.32,509.44000000000005,715.76,339.4604,123.0004,65.63082597518721,63.585805925639875,17.184587012406393,是,是,是,3,全部达标,30948.0,61132.8,141743.90396,46481.851160000006,42000.0,63000.0,63.0,3287.671232876712,295693.5240328767,4693.548000521852,SciPy HiGHS MILP,Optimization terminated successfully. (HiGHS Status 7: Optimal),0.0,1,6,1
风电6-光伏1,54,18,75.0,75.0,75.0,75.0,00:00-17:00、23:00-24:00,60.72,747.0,807.7199999999999,206.32,509.44000000000005,715.76,257.4304,165.47039999999998,53.76371968257514,68.1287574902194,23.118140158712418,否,是,否,1,部分达标,30948.0,61132.8,91918.88196,62531.26416,36000.0,54000.0,54.0,3287.671232876712,214810.08903287674,3977.9646117199395,SciPy HiGHS MILP,Optimization terminated successfully. (HiGHS Status 7: Optimal),0.0,1,6,1
风电6-光伏1,45,15,62.5,62.5,62.5,62.5,00:00-07:00、09:00-16:00、23:00-24:00,60.72,622.5,683.22,206.32,509.44000000000005,715.76,243.1862,275.7262,22.955683469319325,64.40587219343695,38.52215826534034,否,是,否,1,部分达标,30948.0,61132.8,83266.95487999999,104196.93098,30000.0,45000.0,45.0,3287.671232876712,149483.4951328767,3321.85544739726,SciPy HiGHS MILP,Optimization terminated successfully. (HiGHS Status 7: Optimal),0.0,1,6,1
风电6-光伏1,36,12,50.0,50.0,50.0,50.0,00:00-07:00、12:00-16:00、23:00-24:00,60.72,498.0,558.72,206.32,509.44000000000005,715.76,243.1862,400.22620000000006,-11.832513691740255,56.474405784650614,55.91625684587014,否,是,否,1,部分达标,30948.0,61132.8,83266.95487999999,151245.48098000005,24000.0,36000.0,36.0,3287.671232876712,87425.94513287666,2428.4984759132403,SciPy HiGHS MILP,Optimization terminated successfully. (HiGHS Status 7: Optimal),2.1406635393889256e-16,1,6,1
风电6-光伏2,72,24,100.0,100.0,100.0,100.0,00:00-24:00,60.72,996.0,1056.7199999999998,206.32,250.88,457.20000000000005,599.52,0.0,99.99999999999996,43.265955030660926,0.0,是,是,是,3,全部达标,30948.0,30105.6,322227.237,0.0,48000.0,72000.0,72.0,3287.671232876712,506640.5082328767,7036.6737254566215,SciPy HiGHS MILP,Optimization terminated successfully. (HiGHS Status 7: Optimal),0.0,0,6,2
风电6-光伏2,63,21,87.5,87.5,87.5,87.5,00:00-18:00、21:00-24:00,60.72,871.5,932.22,206.32,250.88,457.20000000000005,498.8742,23.854200000000002,89.56509186351707,46.485357533629404,5.21745406824147,是,是,是,3,全部达标,30948.0,30105.6,241469.04708,9014.502180000001,42000.0,63000.0,63.0,3287.671232876712,401858.8161328767,6378.711367188519,SciPy HiGHS MILP,Optimization terminated successfully. (HiGHS Status 7: Optimal),0.0,1,6,2
风电6-光伏2,54,18,75.0,75.0,75.0,75.0,00:00-07:00、08:00-18:00、23:00-24:00,60.72,747.0,807.72,206.32,250.88,457.20000000000005,397.4258,46.9058,79.48127734033245,50.7965879265092,10.25936132983377,是,是,是,3,全部达标,30948.0,30105.6,179849.28892,17725.701820000002,36000.0,54000.0,54.0,3287.671232876712,316518.8583328767,5861.460339497717,SciPy HiGHS MILP,Optimization terminated successfully. (HiGHS Status 7: Optimal),0.0,1,6,2
风电6-光伏2,45,15,62.5,62.5,62.5,62.5,00:00-07:00、09:00-10:00、11:00-17:00、23:00-24:00,60.72,622.5,683.22,206.32,250.88,457.20000000000005,331.216,105.196,53.982502187226586,51.52132548812974,23.0087489063867,否,是,否,1,部分达标,30948.0,30105.6,136782.51739999998,39753.568400000004,30000.0,45000.0,45.0,3287.671232876712,236415.22023287672,5253.671560730594,SciPy HiGHS MILP,Optimization terminated successfully. (HiGHS Status 7: Optimal),0.0,1,6,2
风电6-光伏2,36,12,50.0,50.0,50.0,50.0,00:00-07:00、12:00-16:00、23:00-24:00,60.72,498.0,558.72,206.32,250.88,457.20000000000005,283.01,181.49,20.60804899387577,49.34672107674685,39.695975503062115,否,是,否,1,部分达标,30948.0,30105.6,105946.093,68585.07100000001,24000.0,36000.0,36.0,3287.671232876712,161738.2932328767,4492.7303675799085,SciPy HiGHS MILP,Optimization terminated successfully. (HiGHS Status 7: Optimal),0.0,1,6,2
风电6-光伏3,72,24,100.0,100.0,100.0,100.0,00:00-24:00,60.72,996.0,1056.7199999999998,206.32,85.12,291.44,765.28,0.0,99.99999999999994,27.579680520856996,0.0,是,否,是,2,部分达标,30948.0,10214.400000000001,443252.26100000006,0.0,48000.0,72000.0,72.0,3287.671232876712,607774.3322328768,8441.310169901066,SciPy HiGHS MILP,Optimization terminated successfully. (HiGHS Status 7: Optimal),0.0,0,6,3
风电6-光伏3,63,21,87.5,87.5,87.5,87.5,00:00-18:00、21:00-24:00,60.72,871.5,932.22,206.32,85.12,291.44,662.7142,21.934200000000004,84.94770793302223,28.91010705627427,7.526146033488884,是,否,是,2,部分达标,30948.0,10214.400000000001,360953.46308,8288.934180000002,42000.0,63000.0,63.0,3287.671232876712,502177.6001328768,7971.073017982171,SciPy HiGHS MILP,Optimization terminated successfully. (HiGHS Status 7: Optimal),0.0,1,6,3
风电6-光伏3,54,18,75.0,75.0,75.0,75.0,00:00-10:00、12:00-14:00、15:00-18:00、21:00-24:00,60.72,747.0,807.72,206.32,85.12,291.44,574.816,58.536,59.82981059566289,28.83474471351458,20.085094702168544,否,否,否,0,全部不达标,30948.0,10214.400000000001,290423.9474,22120.7544,36000.0,54000.0,54.0,3287.671232876712,402807.26423287677,7459.39378209031,SciPy HiGHS MILP,Optimization terminated successfully. (HiGHS Status 7: Optimal),0.0,1,6,3
风电6-光伏3,45,15,62.5,62.5,62.5,62.5,00:00-10:00、15:00-18:00、21:00-22:00、23:00-24:00,60.72,622.5,683.22,206.32,85.12,291.44,490.9504,99.1704,31.94455119407084,28.14168203506923,34.02772440296459,否,否,否,0,全部不达标,30948.0,10214.400000000001,230027.72996,37476.49416,30000.0,45000.0,45.0,3287.671232876712,312046.3070328767,6934.362378508371,SciPy HiGHS MILP,Optimization terminated successfully. (HiGHS Status 7: Optimal),0.0,1,6,3
风电6-光伏3,36,12,50.0,50.0,50.0,50.0,00:00-09:00、15:00-16:00、17:00-18:00、23:00-24:00,60.72,498.0,558.72,206.32,85.12,291.44,389.0982,121.81819999999999,16.402552841065063,30.358999140893474,41.79872357946747,否,是,否,1,部分达标,30948.0,10214.400000000001,168162.70368,46035.097780000004,24000.0,36000.0,36.0,3287.671232876712,226613.6771328767,6294.824364802131,SciPy HiGHS MILP,Optimization terminated successfully. (HiGHS Status 7: Optimal),0.0,1,6,3
风电6-光伏4,72,24,100.0,100.0,100.0,100.0,00:00-24:00,60.72,996.0,1056.7199999999998,206.32,20.480000000000004,226.8,829.92,0.0,99.99999999999993,21.46263910969794,0.0,是,否,是,2,部分达标,30948.0,2457.6000000000004,490501.797,0.0,48000.0,72000.0,72.0,3287.671232876712,647267.0682328767,8989.820392123287,SciPy HiGHS MILP,Optimization terminated successfully. (HiGHS Status 7: Optimal),0.0,0,6,4
风电6-光伏4,63,21,87.5,87.5,87.5,87.5,00:00-10:00、12:00-20:00、21:00-24:00,60.72,871.5,932.22,206.32,20.480000000000004,226.8,715.7518,10.331800000000001,90.88906525573191,23.2207204307996,4.555467372134039,是,否,是,2,部分达标,30948.0,2457.6000000000004,398893.23332000006,3904.387220000001,42000.0,63000.0,63.0,3287.671232876712,536745.1173328768,8519.76376718852,SciPy HiGHS MILP,Optimization terminated successfully. (HiGHS Status 7: Optimal),0.0,1,6,4
风电6-光伏4,54,18,75.0,75.0,75.0,75.0,00:00-10:00、12:00-14:00、15:00-18:00、21:00-24:00,60.72,747.0,807.72,206.32,20.480000000000004,226.8,613.856,32.93600000000001,70.95590828924162,24.00138661912544,14.52204585537919,是,否,是,2,部分达标,30948.0,2457.6000000000004,317132.0434,12446.514400000004,36000.0,54000.0,54.0,3287.671232876712,431432.80023287673,7989.496300608828,SciPy HiGHS MILP,Optimization terminated successfully. (HiGHS Status 7: Optimal),0.0,1,6,4
风电6-光伏4,45,15,62.5,62.5,62.5,62.5,00:00-09:00、15:00-18:00、21:00-24:00,60.72,622.5,683.22,206.32,20.480000000000004,226.8,511.25039999999996,54.830400000000004,51.64867724867725,25.1704575392992,24.175661375661374,否,否,否,0,全部不达标,30948.0,2457.6000000000004,242357.94996,20720.408160000003,30000.0,45000.0,45.0,3287.671232876712,333375.8130328767,7408.351400730593,SciPy HiGHS MILP,Optimization terminated successfully. (HiGHS Status 7: Optimal),0.0,1,6,4
风电6-光伏4,36,12,50.0,50.0,50.0,50.0,00:00-09:00、21:00-24:00,60.72,498.0,558.72,206.32,20.480000000000004,226.8,397.75239999999997,65.8324,41.9467372134039,28.810065864833906,29.026631393298064,否,否,否,0,全部不达标,30948.0,2457.6000000000004,173419.26475999996,24878.063960000003,24000.0,36000.0,36.0,3287.671232876712,245270.47203287669,6813.068667579908,SciPy HiGHS MILP,Optimization terminated successfully. (HiGHS Status 7: Optimal),0.0,1,6,4
