场景,风电场景,光伏场景,日氨产量(t/day),购电量(MWh)_问题二,售电量(MWh)_问题二,最大购电功率(MW)_问题二,最大反送功率(MW)_问题二,交换功率峰谷差(MW)_问题二,最大爬坡功率(MW/h)_问题二,交换功率标准差(MW)_问题二,购电量(MWh)_问题三,售电量(MWh)_问题三,最大购电功率(MW)_问题三,最大反送功率(MW)_问题三,交换功率峰谷差(MW)_问题三,最大爬坡功率(MW/h)_问题三,交换功率标准差(MW)_问题三,购电量(MWh)_变化,售电量(MWh)_变化,最大购电功率(MW)_变化,最大反送功率(MW)_变化,交换功率峰谷差(MW)_变化,最大爬坡功率(MW/h)_变化,交换功率标准差(MW)_变化
风电1-光伏1,1,1,36,233.2102,436.2542,39.7882,60.2638,100.052,65.32600000000001,31.77393535272093,233.21019950133007,446.25419956155594,39.78820000000001,50.9622,90.75040000000001,54.925999561555905,30.210904435955634,-4.986699195796973e-07,9.99999956155591,7.105427357601002e-15,-9.3016,-9.301599999999993,-10.400000438444103,-1.563030916765296
风电1-光伏1,1,1,45,233.2102,311.75419999999997,39.7882,50.9622,90.75040000000001,65.32600000000001,26.063713262865846,233.21019971831174,325.28963927875145,39.78820000000001,47.3502,87.13840000000002,43.10820000000001,27.16963444551852,-2.8168824428576045e-07,13.535439278751483,7.105427357601002e-15,-3.612000000000002,-3.6119999999999948,-22.217799999999997,1.105921182652672
风电1-光伏1,1,1,54,235.0722,189.1162,39.7882,27.5642,67.3524,43.108200000000004,20.798427251410676,233.21019971830356,192.21821070731468,39.78820000000001,34.758,74.54620000000001,43.10820000000001,21.784674646923076,-1.862000281696453,3.1020107073146903,7.105427357601002e-15,7.193800000000003,7.19380000000001,7.105427357601002e-15,0.9862473955124003
风电1-光伏1,1,1,63,326.62620000000004,156.1702,39.7882,26.650200000000005,66.4384,41.330200000000005,22.071271464256178,302.60170328002334,135.324,39.78820000000001,26.650200000000005,66.43840000000002,37.43019987857299,21.0139684810459,-24.024496719976696,-20.846199999999982,7.105427357601002e-15,0.0,1.4210854715202004e-14,-3.900000121427013,-1.0573029832102776
风电1-光伏1,1,1,72,430.28,135.324,39.7882,26.650200000000005,66.4384,23.826000000000008,23.015914084220558,430.28,135.324,39.7882,26.650200000000005,66.4384,23.826000000000008,23.015914084220558,0.0,0.0,0.0,0.0,0.0,0.0,0.0
风电1-光伏2,1,2,36,262.5022,206.98620000000003,39.7882,35.078,74.8662,57.006,23.240344098117156,247.29019950132096,201.774199561548,39.78820000000001,32.74380000000001,72.53200000000001,57.006,22.47505403896732,-15.21200049867906,-5.212000438452037,7.105427357601002e-15,-2.3341999999999956,-2.3341999999999956,0.0,-0.7652900591498373
风电1-光伏2,1,2,45,298.3182,118.3022,39.7882,32.74380000000001,72.53200000000001,57.006,19.94459200006079,247.290199625777,78.5739523730299,39.78819962577698,14.395999999999995,54.18419962577698,43.10819962577698,17.607139077686647,-51.028000374222984,-39.7282476269701,-3.7422302057166235e-07,-18.347800000000014,-18.347800374223034,-13.897800374223017,-2.337452922374144
风电1-光伏2,1,2,54,342.7184,38.2024,39.7882,12.844199999999995,52.6324,43.108200000000004,15.209425327700218,301.35933184856333,7.450200000000017,39.78820000000001,7.450200000000002,47.23840000000001,26.768868293892726,14.503916599366157,-41.359068151436645,-30.75219999999998,7.105427357601002e-15,-5.393999999999993,-5.393999999999984,-16.339331706107277,-0.7055087283340615
风电1-光伏2,1,2,63,448.9924,19.9764,39.7882,7.450200000000002,47.238400000000006,41.330200000000005,15.000879975817716,433.8277941744491,7.4502000000000095,39.78820000000001,7.450200000000002,47.23840000000001,33.04060558999159,14.877254802848851,-15.164605825550893,-12.526199999999992,7.105427357601002e-15,0.0,7.105427357601002e-15,-8.289594410008412,-0.12362517296886466
风电1-光伏2,1,2,72,560.9662000000001,7.450200000000002,39.7882,7.450200000000002,47.238400000000006,15.506,13.587408771808635,560.9662000000001,7.450200000000002,39.7882,7.450200000000002,47.238400000000006,15.506,13.587408771808635,0.0,0.0,0.0,0.0,0.0,0.0,0.0
风电1-光伏3,1,3,36,345.8904,124.61439999999999,39.7882,25.910200000000003,65.6984,43.108200000000004,20.60596455233829,247.2901993337777,36.014199414239314,39.78820000000001,8.471799414239307,48.25999941423932,43.10820000000001,16.005261275053122,-98.60020066622229,-88.60020058576067,7.105427357601002e-15,-17.438400585760697,-17.43840058576069,7.105427357601002e-15,-4.600703277285167
风电1-光伏3,1,3,45,426.558,80.78200000000001,39.7882,19.376200000000004,59.16440000000001,43.108200000000004,19.12417444097624,329.3897362637362,3.552713678800501e-15,39.7882,3.552713678800501e-15,39.7882,34.285999999999994,13.678230776674743,-97.16826373626378,-80.78200000000001,0.0,-19.3762,-19.376200000000004,-8.82220000000001,-5.445943664301497
风电1-光伏3,1,3,54,526.3,56.02400000000001,39.7882,15.4638,55.252,41.7158,17.860785027508978,462.46116480618514,4.440892098500626e-15,39.78820000000001,3.552713678800501e-15,39.78820000000002,37.4301997890278,14.82885709419901,-63.838835193814816,-56.024,7.105427357601002e-15,-15.463799999999997,-15.463799999999985,-4.2856002109721985,-3.0319279333099676
风电1-光伏3,1,3,63,605.3822,10.606200000000001,39.7882,5.098000000000001,44.8862,41.330200000000005,12.12486899099899,586.2045714285714,0.0,39.78820000000001,-0.0,39.78820000000001,20.915799999999997,12.204987632390557,-19.177628571428613,-10.606200000000001,7.105427357601002e-15,-5.098000000000001,-5.097999999999992,-20.414400000000008,0.08011864139156621
风电1-光伏3,1,3,72,719.2760000000001,0.0,39.7882,0.0,24.198400000000007,13.586000000000002,6.448802870731557,719.2760000000001,0.0,39.7882,0.0,24.198400000000007,13.586000000000002,6.448802870731557,0.0,0.0,0.0,0.0,0.0,0.0,0.0
风电1-光伏4,1,4,36,361.2504,75.3344,39.7882,19.5102,59.2984,43.108200000000004,18.77624823544067,275.91600000000005,3.552713678800501e-15,39.78820000000001,3.552713678800501e-15,39.78820000000002,34.3722,14.43327226695046,-85.33439999999996,-75.3344,7.105427357601002e-15,-19.510199999999998,-19.510199999999983,-8.736000000000004,-4.342975968490208
风电1-光伏4,1,4,45,472.82820000000004,62.4122,39.7882,19.5102,59.2984,42.0738,19.303632103369104,398.9428955803731,3.552713678800501e-15,39.78820000000001,3.552713678800501e-15,39.78820000000002,31.371999999999986,13.532421985213718,-73.88530441962695,-62.4122,7.105427357601002e-15,-19.510199999999998,-19.510199999999983,-10.701800000000013,-5.771210118155386
风电1-光伏4,1,4,54,565.34,30.424,39.7882,8.198,47.986200000000004,42.0738,16.52138102981171,529.9159999669471,3.552713678800501e-15,39.78820000000001,3.552713678800501e-15,39.78820000000002,38.1738,15.05081106802904,-35.42400003305295,-30.423999999999996,7.105427357601002e-15,-8.197999999999997,-8.197999999999986,-3.8999999999999986,-1.4705699617826706
风电1-光伏4,1,4,63,668.7422,9.3262,39.7882,3.818000000000001,43.6062,42.0738,12.534918057791826,650.8445715125722,0.0,39.78820000000001,0.0,36.42840000000001,19.2038,9.599326126454995,-17.897628487427824,-9.3262,7.105427357601002e-15,-3.818000000000001,-7.177799999999991,-22.869999999999997,-2.9355919313368304
风电1-光伏4,1,4,72,783.916,0.0,39.7882,0.0,17.798400000000004,12.306000000000004,5.308682931345171,783.9159999999999,0.0,39.7882,0.0,17.798400000000004,12.306000000000004,5.308682931345171,-1.1368683772161603e-13,0.0,0.0,0.0,0.0,0.0,0.0
风电2-光伏1,2,1,36,263.2564,363.44039999999995,39.2842,55.432,94.7162,50.650000000000006,30.338499359431445,263.2563995013251,373.44039956155154,39.2842,55.432,94.7162,39.8482,31.89707509396164,-4.986748649571382e-07,9.99999956155159,0.0,0.0,0.0,-10.801800000000007,1.5585757345301943
风电2-光伏1,2,1,45,263.2564,238.94039999999998,39.2842,37.8582,77.1424,50.650000000000006,24.760079505773447,263.2563997183109,252.45166345457477,39.2842,39.6182,78.9024,39.8482,26.25771542602371,-2.8168909693704336e-07,13.511263454574788,0.0,1.7600000000000051,1.7600000000000051,-10.801800000000007,1.4976359202502643
风电2-光伏1,2,1,54,284.6024,135.7864,39.2842,27.7882,67.0724,39.8482,20.836988987108693,263.2563996159118,119.38023478074712,39.2842,28.583799999999997,67.868,39.8482,20.49604680695601,-21.3460003840882,-16.40616521925287,0.0,0.7955999999999968,0.7955999999999932,0.0,-0.34094218015268396
风电2-光伏1,2,1,63,380.75019999999995,107.43419999999998,41.638200000000005,18.9182,60.556400000000004,42.10620000000001,21.462662240867406,360.77759338574776,90.07999999999998,41.638200000000005,18.9182,60.556400000000004,42.10620000000001,20.666954157854757,-19.972606614252186,-17.35419999999999,0.0,0.0,0.0,0.0,-0.7957080830126486
风电2-光伏1,2,1,72,487.42799999999994,89.61199999999998,41.638200000000005,18.9182,60.556400000000004,13.957799999999992,21.661708767213067,487.42799999999994,89.612,41.638200000000005,18.9182,60.556400000000004,13.957799999999992,21.661708767213067,0.0,1.4210854715202004e-14,0.0,0.0,0.0,0.0,0.0
风电2-光伏2,2,2,36,298.45219999999995,140.0762,39.2842,31.752,71.0362,42.33,22.065493207570352,277.33639945744744,128.96039952297315,39.2842,36.7482,76.0324,42.330000000000005,21.634996779016138,-21.115800542552506,-11.115800477026852,0.0,4.996199999999998,4.996200000000002,7.105427357601002e-15,-0.4304964285542141
风电2-光伏2,2,2,45,351.27419999999995,68.3982,39.2842,26.1758,65.46,49.0958,18.944815717675027,278.2719391783776,3.2242000000000077,39.2842,2.1922,41.4764,39.8482,16.46093211605827,-73.00226082162237,-65.17399999999999,0.0,-23.9836,-23.983599999999996,-9.247599999999998,-2.483883601616757
风电2-光伏2,2,2,54,424.91200000000003,17.536,39.2842,7.4698,46.754,42.33,15.782704367756496,397.7970219534609,0.4680000000000075,39.2842,0.4680000000000004,39.7522,27.6618,15.208258194301125,-27.114978046539136,-17.067999999999994,0.0,-7.001799999999999,-7.001799999999996,-14.668199999999999,-0.574446173455371
风电2-光伏2,2,2,63,541.3782,9.5022,41.638200000000005,6.8420000000000005,48.4802,42.10620000000001,15.298822969213461,527.6644299180541,7.105427357601002e-15,41.638200000000005,7.105427357601002e-15,41.63820000000001,28.431799999999996,15.488420259520673,-13.713770081945881,-9.502199999999993,0.0,-6.841999999999993,-6.841999999999992,-13.674400000000013,0.18959729030721206
风电2-光伏2,2,2,72,656.376,0.0,41.638200000000005,0.0,41.3564,8.837800000000003,12.634782961861012,656.376,0.0,41.638200000000005,0.0,41.3564,8.837800000000003,12.634782961861013,0.0,0.0,0.0,0.0,0.0,0.0,1.7763568394002505e-15
风电2-光伏3,2,3,36,411.9984,87.86240000000001,39.2842,18.1782,57.4624,46.1302,21.35148493779505,314.60399999018273,0.4680000000000075,39.2842,0.4680000000000004,39.7522,34.86019999999999,16.052954813812867,-97.39440000981728,-87.3944,0.0,-17.7102,-17.7102,-11.27000000000001,-5.298530123982182
风电2-光伏3,2,3,45,526.4464,77.8104,40.936,18.1782,59.1142,46.1302,21.66500737284794,435.38831316142966,0.46800000000000574,39.2842,0.4680000000000004,39.7522,35.72,14.882683301266095,-91.05808683857038,-77.3424,-1.6518000000000015,-17.7102,-19.361999999999995,-10.410200000000003,-6.782324071581844
风电2-光伏3,2,3,54,616.5142000000001,43.3782,41.638200000000005,14.9882,56.626400000000004,44.61579999999999,18.579611156199032,568.4597417240375,0.46800000000000574,41.638200000000005,0.4680000000000004,42.10620000000001,42.10620000000001,16.81774393003867,-48.05445827596259,-42.910199999999996,0.0,-14.5202,-14.520199999999996,-2.5095999999999847,-1.761867226160362
风电2-光伏3,2,3,63,705.2182,7.5822,41.638200000000005,4.922000000000001,46.56020000000001,42.10620000000001,12.728575246228027,689.0645715147236,0.0,41.638200000000005,0.0,39.016400000000004,23.89,10.688986198027093,-16.153628485276386,-7.5822,0.0,-4.922000000000001,-7.5438000000000045,-18.216200000000008,-2.0395890482009342
风电2-光伏3,2,3,72,822.136,0.0,41.638200000000005,0.0,18.316400000000005,4.630200000000002,4.752232883837052,822.136,0.0,41.638200000000005,0.0,18.316400000000005,4.630200000000006,4.752232883837052,0.0,0.0,0.0,0.0,0.0,3.552713678800501e-15,0.0
风电2-光伏4,2,4,36,427.58859999999993,38.8126,39.354,11.7782,51.1322,45.49020000000001,19.683368220234396,382.1318,3.3558,39.2842,1.6719999999999997,40.956199999999995,34.8602,15.135589353646662,-45.45679999999993,-35.4568,-0.06980000000000075,-10.106200000000001,-10.176000000000002,-10.63000000000001,-4.547778866587734
风电2-光伏4,2,4,45,550.1264,36.85040000000001,40.936,11.7782,52.7142,45.49020000000001,20.023873540767948,506.6960087912088,1.6838000000000002,41.638200000000005,1.2157999999999998,42.854000000000006,42.10620000000001,16.0035162409137,-43.43039120879121,-35.16660000000001,0.7022000000000048,-10.5624,-9.860199999999992,-3.3840000000000003,-4.020357299854247
风电2-光伏4,2,4,54,652.9942,15.2182,41.638200000000005,6.0282,47.6664,42.10620000000001,17.120404526762794,632.7759999613802,0.0,41.638200000000005,-0.0,41.638200000000005,38.2062,15.792022492094286,-20.218200038619784,-15.2182,0.0,-6.0282,-6.028199999999998,-3.9000000000000057,-1.3283820346685076
风电2-光伏4,2,4,63,765.6318,3.3558,41.638200000000005,1.6719999999999997,43.3102,42.10620000000001,12.835496156232788,753.7045715232767,0.0,41.638200000000005,0.0,30.692200000000007,24.690200000000004,8.859392554611876,-11.927228476723258,-3.3558,0.0,-1.6719999999999997,-12.617999999999995,-17.416000000000004,-3.9761036016209115
风电2-光伏4,2,4,72,886.7760000000001,0.0,41.638200000000005,0.0,11.916400000000003,5.75,3.4626605127656775,886.776,0.0,41.638200000000005,0.0,11.916400000000003,5.75,3.4626605127656775,-1.1368683772161603e-13,0.0,0.0,0.0,0.0,0.0,0.0
风电3-光伏1,3,1,36,223.3262,445.44620000000003,35.008199999999995,62.0722,97.0804,51.078,31.578465070783075,223.3261995013259,455.44619956155225,35.008199999999995,57.1638,92.172,39.9002,30.9358391738339,-4.986740975709836e-07,9.999999561552215,0.0,-4.9084,-4.9084,-11.177800000000005,-0.6426258969491734
风电3-光伏1,3,1,45,223.3262,320.9462,35.008199999999995,53.79599999999999,88.80419999999998,51.078,25.694584545710534,223.32619940328928,338.19619949073297,35.008199999999995,43.5342,78.54239999999999,35.008199999999995,26.957726249168452,-5.967107199467137e-07,17.24999949073299,0.0,-10.261799999999994,-10.261799999999994,-16.069800000000008,1.2631417034579187
风电3-光伏1,3,1,54,229.8364,202.95639999999997,35.008199999999995,33.5282,68.53639999999999,39.9002,20.788949337568745,223.32619971831215,205.18218872930103,35.008199999999995,39.64,74.6482,35.008199999999995,22.165728612720343,-6.510200281687844,2.2257887293010583,0.0,6.111800000000002,6.1118000000000166,-4.892000000000003,1.3767792751515984
风电3-光伏1,3,1,63,311.2944,159.9144,36.8782,22.834200000000003,59.7124,42.2462,21.44942714798385,273.4381945054946,126.6302,35.008199999999995,22.834200000000003,57.8424,17.75559456785459,19.560629166207548,-37.85620549450539,-33.2842,-1.8700000000000045,0.0,-1.8700000000000045,-24.49060543214541,-1.8887979817763032
风电3-光伏1,3,1,72,402.2482,126.36819999999999,36.8782,22.834200000000003,59.7124,13.945799999999995,21.610061650999516,402.2482,126.3682,36.8782,22.834200000000003,59.7124,13.945799999999995,21.61006165099952,0.0,1.4210854715202004e-14,0.0,0.0,0.0,0.0,3.552713678800501e-15
风电3-光伏2,3,2,36,245.10039999999998,208.6604,35.008199999999995,36.76,71.7682,42.757999999999996,22.2945286138899,237.40619950132367,210.9661995615503,35.008199999999995,38.974,73.98219999999999,42.757999999999996,21.86486709370658,-7.6942004986763095,2.3057995615502875,0.0,2.2139999999999986,2.2139999999999986,0.0,-0.4296615201833198
风电3-光伏2,3,2,45,278.0304,117.09040000000002,35.008199999999995,29.6438,64.65199999999999,45.5078,18.787889934712968,237.406199646199,90.82336997586924,35.008199999999995,24.3342,59.3424,35.008199999999995,17.852532897155093,-40.62420035380097,-26.267030024130776,0.0,-5.3096,-5.309599999999989,-10.499600000000008,-0.9353570375578748
风电3-光伏2,3,2,54,336.4962,51.05620000000001,35.008199999999995,12.742,47.75019999999999,42.757999999999996,15.60175009784337,277.8281874948234,3.726400000000009,35.008199999999995,3.6342,38.642399999999995,25.050212505176596,13.731540948785948,-58.66801250517659,-47.329800000000006,0.0,-9.107800000000001,-9.107799999999997,-17.7077874948234,-1.8702091490574215
风电3-光伏2,3,2,63,438.8926,28.95260000000001,36.8782,12.742,49.6202,42.2462,15.229929411049666,410.20126263736284,3.726399999999998,36.8782,3.6342,40.5124,36.8782,14.352554140984978,-28.69133736263717,-25.226200000000013,0.0,-9.107800000000001,-9.107799999999997,-5.368000000000002,-0.8773752700646877
风电3-光伏2,3,2,72,538.1664,3.7264000000000053,36.8782,3.6342,40.5124,10.3658,12.484694207263903,538.1664000000001,3.7264000000000053,36.8782,3.6342,40.5124,10.3658,12.484694207263903,1.1368683772161603e-13,0.0,0.0,0.0,0.0,0.0,0.0
风电3-光伏3,3,3,36,345.2962,143.0962,35.008199999999995,22.0942,57.102399999999996,42.2222,20.849051782435254,237.4061993679769,45.20619944430818,35.008199999999995,18.494,53.502199999999995,39.9002,15.917593510748134,-107.89000063202309,-97.89000055569183,0.0,-3.600200000000001,-3.600200000000001,-2.3220000000000027,-4.93145827168712
风电3-光伏3,3,3,45,427.13,100.43,35.008199999999995,19.8322,54.840399999999995,42.2222,19.700018713442887,309.45,7.105427357601002e-15,35.008199999999995,3.552713678800501e-15,35.0082,20.492400000000007,12.863841958146354,-117.68,-100.43,0.0,-19.832199999999997,-19.832199999999993,-21.729799999999994,-6.836176755296533
风电3-光伏3,3,3,54,522.2839999999999,71.084,36.8782,18.494,55.3722,42.2462,18.2686587783559,441.6752197802196,3.552713678800501e-15,36.8782,3.552713678800501e-15,36.87820000000001,36.8782,14.37700594058215,-80.60878021978027,-71.084,0.0,-18.493999999999996,-18.493999999999993,-5.368000000000002,-3.8916528377737496
风电3-光伏3,3,3,63,599.0062,23.306200000000004,36.8782,10.822,47.700199999999995,42.2462,12.721376850666232,567.1285714491353,0.0,36.8782,0.0,35.910399999999996,23.186199999999996,10.712743030411353,-31.877628550864756,-23.306200000000004,0.0,-10.822,-11.7898,-19.060000000000006,-2.008633820254879
风电3-光伏3,3,3,72,700.1999999999999,0.0,36.8782,0.0,17.4724,4.556199999999997,4.553416507781089,700.1999999999999,0.0,36.8782,0.0,17.4724,4.556199999999997,4.5534165077810895,0.0,0.0,0.0,0.0,0.0,0.0,8.881784197001252e-16
风电3-光伏4,3,4,36,362.8224,95.98240000000001,35.008199999999995,15.6942,50.7024,41.833800000000004,19.321078647828013,256.84000000000003,4.440892098500626e-14,35.008199999999995,4.085620730620576e-14,35.00820000000004,35.008199999999995,13.798941205839752,-105.98239999999998,-95.98239999999997,0.0,-15.69419999999996,-15.69419999999996,-6.8256000000000085,-5.522137441988262
风电3-光伏4,3,4,45,468.0122,76.6722,36.608,15.6942,52.3022,41.833800000000004,19.481821198206518,378.5858241758244,0.0,35.008199999999995,-0.0,35.008199999999995,27.383624175824398,12.968750400357345,-89.42637582417558,-76.6722,-1.5998000000000019,-15.6942,-17.294000000000004,-14.450175824175606,-6.513070797849172
风电3-光伏4,3,4,54,560.1022,44.26220000000001,36.8782,10.8722,47.7504,42.2462,16.930884406380613,510.8399999680069,0.0,36.8782,-0.0,36.8782,36.8782,14.780452971973345,-49.26220003199313,-44.26220000000001,0.0,-10.8722,-10.8722,-5.368000000000002,-2.1504314344072686
风电3-光伏4,3,4,63,657.0717999999999,16.7318,36.8782,6.68,43.5582,42.2462,12.522911290865588,631.7685714285715,0.0,36.8782,0.0,31.7724,22.696200000000005,9.62080300913677,-25.303228571428463,-16.7318,0.0,-6.68,-11.785799999999998,-19.549999999999997,-2.902108281728818
风电3-光伏4,3,4,72,764.8399999999999,0.0,36.8782,0.0,11.072399999999998,4.821999999999999,3.242932846805324,764.84,0.0,36.8782,0.0,11.072399999999998,4.821999999999999,3.2429328468053242,1.1368683772161603e-13,0.0,0.0,0.0,0.0,0.0,4.440892098500626e-16
风电4-光伏1,4,1,36,188.95420000000001,507.15819999999997,34.5162,63.99199999999999,98.50819999999999,50.153999999999996,32.45772048953325,187.3899995013262,518.0939995615524,34.51620000000001,58.1862,92.70240000000001,39.18599999999999,30.150582030386136,-1.564200498673813,10.935799561552471,1.4210854715202004e-14,-5.805799999999991,-5.8057999999999765,-10.968000000000004,-2.307138459147115
风电4-光伏1,4,1,45,188.95420000000001,382.65819999999997,34.5162,63.99199999999999,98.50819999999999,50.153999999999996,27.510882403635595,188.95419971831046,399.53130411391476,34.51620000000001,43.7822,78.29840000000002,34.51620000000001,27.59066180104153,-2.8168955168439425e-07,16.873104113914792,1.4210854715202004e-14,-20.209799999999987,-20.209799999999973,-15.637799999999984,0.07977939740593598
风电4-光伏1,4,1,54,188.95420000000001,258.1582,34.5162,37.7922,72.3084,39.1082,20.937614542015048,188.95419971831063,266.4598755424864,34.51619971831061,43.7822,78.2983997183106,34.51619971831061,23.19981815451329,-2.8168938115413766e-07,8.30167554248635,-2.81689388259565e-07,5.990000000000002,5.9899997183105995,-4.592000281689387,2.2622036124982436
风电4-光伏1,4,1,63,246.832,191.536,36.908,23.082200000000007,59.99020000000001,40.4938,20.646291046093484,224.18823626373614,173.70600000000002,34.516199999999984,23.082200000000007,57.59839999999999,18.48599999999999,19.392544671766945,-22.64376373626385,-17.829999999999984,-2.3918000000000177,0.0,-2.3918000000000177,-22.00780000000001,-1.2537463743265391
风电4-光伏1,4,1,72,353.50199999999995,173.70600000000002,37.9142,23.082200000000007,60.99640000000001,18.486000000000004,23.001616125321863,353.502,173.70600000000002,37.9142,23.082200000000007,60.99640000000001,18.486000000000004,23.001616125321863,5.684341886080802e-14,0.0,0.0,0.0,0.0,0.0,0.0
风电4-光伏2,4,2,36,203.0342,262.6782,34.5162,35.831999999999994,70.34819999999999,41.834,22.720683879060996,203.034199501326,272.6781995615523,34.51620000000001,43.522,78.03820000000002,41.834,22.60735194107945,-4.986740123058553e-07,9.999999561552272,1.4210854715202004e-14,7.690000000000005,7.690000000000026,0.0,-0.1133319379815454
风电4-光伏2,4,2,45,227.14600000000002,162.29000000000002,34.5162,35.112,69.62819999999999,41.834,19.575707280084558,203.0341997183092,154.3806997183093,34.5162,24.5822,59.0984,34.5162,18.154999440640086,-24.11180028169082,-7.909300281690719,0.0,-10.529800000000002,-10.529799999999994,-7.317800000000005,-1.4207078394444714
风电4-光伏2,4,2,54,267.272,77.916,34.5162,29.835800000000003,64.352,39.1082,15.866609097899763,203.03420000000003,21.309271428571563,34.51620000000001,5.711071428571557,40.22727142857157,34.51620000000001,13.093210776746513,-64.23779999999996,-56.606728571428434,1.4210854715202004e-14,-24.124728571428445,-24.124728571428435,-4.5919999999999845,-2.77339832115325
风电4-光伏2,4,2,63,353.7584,39.90240000000001,37.9142,15.918,53.8322,44.8622,15.059869095786398,319.45304072723377,9.740199999999994,36.90799999999999,3.882199999999997,40.790199999999984,36.88284072723378,14.169426408181568,-34.305359272766225,-30.162200000000013,-1.006200000000014,-12.035800000000002,-13.042000000000016,-7.979359272766224,-0.8904426876048301
风电4-光伏2,4,2,72,448.09619999999995,9.740200000000009,37.9142,3.882199999999997,41.7964,10.829800000000006,13.235651700321457,448.09619999999995,9.740200000000016,37.9142,3.882199999999997,41.7964,10.829800000000006,13.235651700321457,0.0,7.105427357601002e-15,0.0,0.0,0.0,0.0,0.0
风电4-光伏3,4,3,36,272.58639999999997,166.47039999999998,34.5162,23.042,57.5582,39.6622,19.36173197426649,203.03419950132258,106.91819956154932,34.51620000000001,24.2662,58.78240000000001,39.10820000000001,16.335519094930387,-69.5522004986774,-59.55220043845067,1.4210854715202004e-14,1.2241999999999997,1.2242000000000104,-0.5539999999999878,-3.0262128793361036
风电4-光伏3,4,3,45,338.8422,108.22619999999999,34.5162,22.3422,56.858399999999996,40.8002,17.77489347253592,215.48674883589393,1.0658141036401503e-14,34.5162,3.552713678800501e-15,34.5162,34.5162,12.30431481234215,-123.35545116410606,-108.22619999999998,0.0,-22.342199999999995,-22.3422,-6.283999999999999,-5.470578660193768
风电4-光伏3,4,3,54,414.7718,59.6558,36.908,15.272,52.18,40.4938,15.383495161265097,344.79891215737496,7.105427357601002e-15,37.9142,3.552713678800501e-15,37.91420000000001,37.9142,13.682924225511988,-69.97288784262503,-59.65579999999999,1.0061999999999998,-15.271999999999997,-14.265799999999992,-2.5795999999999992,-1.7005709357531096
风电4-光伏3,4,3,63,506.416,26.799999999999997,37.9142,12.555799999999998,50.47,44.8622,12.565151065281043,471.0445714927106,0.0,37.9142,0.0,37.914199999999994,24.0622,9.758784137030517,-35.37142850728941,-26.799999999999997,0.0,-12.555799999999998,-12.555800000000005,-20.8,-2.806366928250526
风电4-光伏3,4,3,72,604.116,0.0,37.9142,0.0,22.270000000000003,10.476199999999995,6.799763356911768,604.116,0.0,37.9142,0.0,22.270000000000003,10.476199999999995,6.799763356911768,0.0,0.0,0.0,0.0,0.0,0.0,0.0
风电4-光伏4,4,4,36,287.94640000000004,117.1904,34.5162,16.642000000000003,51.1582,39.1082,17.57741040651008,203.03419942114854,42.27819949105806,34.5162,13.4722,47.9884,39.1082,13.928173842308718,-84.9122005788515,-74.91220050894194,0.0,-3.169800000000002,-3.169800000000002,0.0,-3.6492365642013613
风电4-光伏4,4,4,45,380.97220000000004,85.7162,36.908,16.642000000000003,53.550000000000004,40.7458,17.738990374752323,281.11720884591693,0.0,34.516199999999984,-0.0,34.516199999999984,19.2842,12.364811748826414,-99.85499115408311,-85.7162,-2.3918000000000177,-16.642000000000003,-19.03380000000002,-21.461600000000004,-5.374178625925909
风电4-光伏4,4,4,54,469.30219999999997,49.5462,37.9142,12.718,50.6322,44.8622,15.821448993867648,414.1886373626372,0.0,37.9142,-0.0,37.9142,37.9142,13.253404396767461,-55.11356263736275,-49.5462,0.0,-12.718,-12.717999999999996,-6.948,-2.5680445971001866
风电4-光伏4,4,4,63,561.1118,16.8558,37.9142,6.948,44.8622,44.8622,12.007415258173685,535.6845714285712,0.0,37.9142,0.0,33.0564,24.0622,8.68565594387778,-25.427228571428827,-16.8558,0.0,-6.948,-11.805800000000005,-20.8,-3.321759314295905
风电4-光伏4,4,4,72,668.7560000000001,0.0,37.9142,0.0,22.270000000000003,13.036199999999997,6.243300937716272,668.7560000000001,0.0,37.9142,0.0,22.270000000000003,13.036199999999997,6.243300937716272,0.0,0.0,0.0,0.0,0.0,0.0,0.0
风电5-光伏1,5,1,36,212.7502,473.4502,33.0938,65.8002,98.894,43.925999999999995,33.0466345433742,212.7501995013233,483.45019956155,33.0938,65.46799999999999,98.56179999999999,44.3764,32.55462816952513,-4.986767123682512e-07,9.999999561549998,0.0,-0.3322000000000145,-0.3322000000000145,0.4504000000000019,-0.49200637384907253
风电5-光伏1,5,1,45,212.7502,348.9502,33.0938,62.80799999999999,95.9018,43.925999999999995,26.76969528951223,212.75019950132332,366.45019956155,33.0938,45.6422,78.736,26.0522,28.132032950370174,-4.986766839465417e-07,17.49999956155,0.0,-17.16579999999999,-17.16579999999999,-17.873799999999996,1.3623376608579427
风电5-光伏1,5,1,54,222.3924,234.0924,33.0938,29.5522,62.646,30.696199999999997,21.089570202116494,212.75019971831426,233.6117381798527,33.0938,44.66799999999999,77.7618,26.0522,23.056602425791315,-9.642200281685746,-0.4806618201473043,0.0,15.115799999999993,15.115799999999993,-4.643999999999998,1.9670322236748206
风电5-光伏1,5,1,63,305.3064,192.50639999999999,36.856,24.942200000000007,61.79820000000001,42.13420000000001,22.234671743922824,266.7927989010989,158.6442,34.11019999999999,24.942200000000007,59.0524,34.11019999999999,20.699371706542383,-38.51360109890112,-33.86219999999997,-2.74580000000001,0.0,-2.74580000000001,-8.024000000000015,-1.5353000373804413
风电5-光伏1,5,1,72,395.9442,158.64419999999998,36.856,24.942200000000007,61.79820000000001,23.5764,22.735048852157764,395.9442,158.6442,36.856,24.942200000000007,61.79820000000001,23.5764,22.735048852157764,0.0,2.842170943040401e-14,0.0,0.0,0.0,0.0,0.0
风电5-光伏2,5,2,36,233.68220000000002,235.8222,33.0938,36.835800000000006,69.92960000000001,43.68780000000001,22.917738752595604,226.830199501326,238.9701995615523,33.0938,36.84219956155227,69.93599956155228,35.60599950132599,21.911800255348325,-6.852000498674016,3.1479995615522967,0.0,0.006399561552264288,0.006399561552271393,-8.08180049867402,-1.0059384972472785
风电5-光伏2,5,2,45,253.6064,131.2464,33.0938,30.33580000000001,63.42960000000001,40.721800000000016,18.78459401874017,226.8301996861527,118.6825623235155,33.0938,26.4422,59.536,26.1482,18.350787937908965,-26.776200313847312,-12.563837676484496,0.0,-3.89360000000001,-3.8936000000000064,-14.573600000000017,-0.43380608083120364
风电5-光伏2,5,2,54,303.7442,56.88420000000001,33.0938,9.4578,42.5516,35.606,15.20419622556732,248.14201835748776,9.850400000000008,33.0938,5.742199999999997,38.836,26.1482,13.5978304353312,-55.60218164251222,-47.0338,0.0,-3.715600000000004,-3.715600000000002,-9.457800000000002,-1.6063657902361204
风电5-光伏2,5,2,63,406.75260000000003,35.39260000000001,36.856,9.0562,45.9122,42.13420000000001,15.443381725372056,377.7018561199279,9.850400000000008,36.856,5.742199999999997,42.5982,34.11019999999999,14.871801802717094,-29.050743880072105,-25.5422,0.0,-3.3140000000000036,-3.314,-8.024000000000015,-0.571579922654962
风电5-光伏2,5,2,72,505.7104,9.850400000000008,36.856,5.742199999999997,42.5982,19.736399999999996,13.341658737411759,505.7104,9.850400000000008,36.856,5.742199999999997,42.5982,19.736399999999996,13.34165873741176,0.0,0.0,0.0,0.0,0.0,0.0,1.7763568394002505e-15
风电5-光伏3,5,3,36,320.6582,157.0382,33.0938,24.2022,57.29600000000001,45.8702,20.69576918059985,226.83019943881118,73.21019950658754,33.0938,16.146,49.2398,33.686,16.00912697699054,-93.82800056118884,-83.82800049341245,0.0,-8.0562,-8.056200000000004,-12.184199999999997,-4.68664220360931
风电5-光伏3,5,3,45,388.96360000000004,100.84360000000001,33.0938,21.948,55.0418,45.8702,18.75139287875259,272.11425125927343,0.0,33.0938,-0.0,33.0938,19.454548740726594,12.829268799919832,-116.84934874072661,-100.84360000000001,0.0,-21.948,-21.948,-26.415651259273403,-5.922124078832757
风电5-光伏3,5,3,54,476.5880000000001,63.967999999999996,34.110200000000006,19.5558,53.66600000000001,45.8702,16.967788216991238,401.7406044730194,0.0,34.110200000000006,-0.0,34.110200000000006,34.110200000000006,13.482619900906345,-74.84739552698068,-63.967999999999996,0.0,-19.5558,-19.555800000000005,-11.759999999999991,-3.485168316084893
风电5-光伏3,5,3,63,560.7422000000001,23.6222,36.856,9.0562,45.9122,42.13420000000001,12.584733538167056,528.5485714285714,0.0,36.856,-0.0,36.856,25.0702,11.774700166007957,-32.19362857142869,-23.6222,0.0,-9.0562,-9.056199999999997,-17.064000000000007,-0.8100333721590989
风电5-光伏3,5,3,72,661.6200000000001,0.0,36.856,0.0,19.558200000000003,13.976400000000002,5.732422726038269,661.6200000000001,0.0,36.856,0.0,19.558200000000003,13.976400000000002,5.732422726038269,0.0,0.0,0.0,0.0,0.0,0.0,0.0
风电5-光伏4,5,4,36,338.4842,110.2242,34.110200000000006,17.8022,51.912400000000005,42.13420000000001,19.027412248268433,226.8301993170045,8.570199399491809,33.0938,5.2620000000000005,38.3558,26.1482,13.726600143851627,-111.65400068299547,-101.65400060050818,-1.0164000000000044,-12.540199999999999,-13.556600000000003,-15.986000000000008,-5.300812104416806
风电5-光伏4,5,4,45,445.4784,92.7184,36.2678,17.8022,54.07,45.2302,19.77871894525921,337.8047253373602,3.552713678800501e-15,33.0938,3.552713678800501e-15,33.0938,22.148125793343656,12.1012517142688,-107.67367466263983,-92.7184,-3.1739999999999995,-17.802199999999996,-20.9762,-23.082074206656348,-7.677467230990411
风电5-光伏4,5,4,54,532.932,55.672000000000004,36.856,11.875799999999998,48.7318,45.2302,17.290309671380157,470.87615384615367,3.552713678800501e-15,36.856,3.552713678800501e-15,36.85600000000001,36.2678,14.315504407600242,-62.055846153846346,-55.672,0.0,-11.875799999999995,-11.875799999999991,-8.962400000000002,-2.974805263779915
风电5-光伏4,5,4,63,624.1022,22.342200000000002,36.856,9.0562,45.9122,42.13420000000001,12.874192134481898,593.1885715062353,0.0,36.856,0.0,31.7882,22.3602,9.429722436261715,-30.91362849376469,-22.342200000000002,0.0,-9.0562,-14.123999999999999,-19.774000000000008,-3.4444696982201837
风电5-光伏4,5,4,72,726.26,0.0,36.856,0.0,13.670200000000001,12.056399999999996,4.088191352202368,726.26,0.0,36.856,0.0,13.670200000000001,12.056399999999996,4.088191352202368,0.0,0.0,0.0,0.0,0.0,0.0,0.0
风电6-光伏1,6,1,36,243.1862,400.22620000000006,33.4218,57.2,90.62180000000001,51.746,29.99618164670667,243.18619907154613,410.22619918367843,33.42179999999998,48.99819918368065,82.41999918368063,51.746,28.563646539900223,-9.284538862175395e-07,9.99999918367837,-1.4210854715202004e-14,-8.201800816319356,-8.201800816319377,0.0,-1.4325351068064478
风电6-光伏1,6,1,45,243.1862,275.7262,33.4218,42.7822,76.20400000000001,51.746,24.519712113567365,243.18619950132467,293.22619956155125,33.42180000000001,38.7882,72.21000000000001,33.3082,26.1655424860714,-4.986753481261985e-07,17.49999956155125,1.4210854715202004e-14,-3.9939999999999998,-3.9939999999999998,-18.437800000000003,1.645830372504033
风电6-光伏1,6,1,54,257.4304,165.47039999999998,33.4218,29.5882,63.01,39.4362,20.44305660566008,243.18619967601344,160.2723535221674,33.4218,33.599799999999995,67.02159999999999,33.3082,21.017923448229055,-14.244200323986576,-5.198046477832577,0.0,4.011599999999994,4.011599999999994,-6.128,0.5748668425689765
风电6-光伏1,6,1,63,339.4604,123.0004,35.372,19.718,55.09,39.7182,20.485621757683823,302.8666670865095,90.8262,34.7462,18.0882,52.8344,34.7462,19.150600100077018,-36.5937329134905,-32.1742,-0.6257999999999981,-1.6297999999999995,-2.255600000000001,-4.972000000000001,-1.3350216576068057
风电6-光伏1,6,1,72,431.7862,90.8262,36.528,18.0882,54.6162,12.990000000000002,20.07956249645118,431.7862,90.8262,36.528,18.0882,54.6162,12.990000000000002,20.07956249645118,0.0,0.0,0.0,0.0,0.0,0.0,0.0
风电6-光伏2,6,2,36,283.01,181.49,33.4218,33.52,66.9418,43.426,22.153809916731404,257.266199501325,165.74619956155146,33.42180000000001,27.147800000000004,60.569600000000015,43.426,20.97774550769719,-25.743800498675,-15.743800438448545,1.4210854715202004e-14,-6.372199999999999,-6.372199999999985,0.0,-1.1760644090342147
风电6-光伏2,6,2,45,331.216,105.196,33.4218,26.8798,60.30159999999999,47.7118,19.272416927913667,257.26619957862914,44.84293034786002,33.42180000000001,16.238200000000003,49.66000000000001,33.3082,16.976570533217604,-73.94980042137087,-60.35306965213998,1.4210854715202004e-14,-10.641599999999997,-10.641599999999983,-14.403599999999997,-2.2958463946960634
风电6-光伏2,6,2,54,397.4258,46.9058,33.4218,11.398,44.8198,43.426,16.140125272954567,338.67189566890283,3.552713678800501e-15,33.4218,3.552713678800501e-15,33.421800000000005,22.625999999999994,13.900517873403283,-58.75390433109715,-46.9058,0.0,-11.397999999999996,-11.397999999999996,-20.800000000000008,-2.239607399551284
风电6-光伏2,6,2,63,498.8742,23.854200000000002,35.372,11.398,46.769999999999996,39.7182,14.752211559966188,470.91471011431906,3.552713678800501e-15,35.371999746562054,3.552713678800501e-15,35.371999746562054,28.71388963224303,14.23977212926028,-27.95948988568091,-23.8542,-2.534379461849312e-07,-11.397999999999996,-11.398000253437942,-11.004310367756972,-0.5124394307059088
风电6-光伏2,6,2,72,599.52,0.0,36.528,0.0,35.2262,7.2378,10.86995295114013,599.52,0.0,36.528,0.0,35.2262,7.2378,10.86995295114013,0.0,0.0,0.0,0.0,0.0,0.0,0.0
风电6-光伏3,6,3,36,389.0982,121.81819999999999,33.4218,17.3482,50.769999999999996,46.2342,21.488908822511725,257.28,7.105427357601002e-15,33.4218,3.552713678800501e-15,33.421800000000005,33.3082,15.170992434467387,-131.81820000000005,-121.81819999999999,0.0,-17.348199999999995,-17.34819999999999,-12.926000000000002,-6.317916388044338
风电6-光伏3,6,3,45,490.9504,99.1704,34.7462,17.3482,52.0944,46.2342,21.36065864618619,376.1423077592488,3.552713678800501e-15,33.42180000000001,3.552713678800501e-15,33.42180000000002,18.636200000000002,13.471815227801258,-114.8080922407512,-99.1704,-1.32439999999999,-17.348199999999995,-18.67259999999998,-27.598,-7.888843418384933
风电6-光伏3,6,3,54,574.816,58.536,35.372,13.679999999999998,49.052,46.2342,18.29640135059958,509.213736263736,3.552713678800501e-15,35.372,3.552713678800501e-15,35.372,34.7462,15.40482337739155,-65.60226373626404,-58.536,0.0,-13.679999999999994,-13.68,-11.488,-2.8915779732080313
风电6-光伏3,6,3,63,662.7142,21.934200000000004,35.372,9.478,44.85,42.509800000000006,13.166800274385405,632.2085714285711,0.0,35.372,0.0,31.9202,25.434199999999997,10.673750901198243,-30.50562857142893,-21.934200000000004,0.0,-9.478,-12.9298,-17.07560000000001,-2.493049373187162
风电6-光伏3,6,3,72,765.28,0.0,36.528,0.0,12.376199999999997,4.734199999999994,2.9792774373812336,765.28,0.0,36.528,0.0,12.376199999999997,4.734199999999998,2.979277437381233,0.0,0.0,0.0,0.0,0.0,3.552713678800501e-15,-4.440892098500626e-16
风电6-光伏4,6,4,36,397.75239999999997,65.8324,35.8378,10.7582,46.596000000000004,39.7182,19.44627807987945,321.9199999999998,3.552713678800501e-15,33.42180000000001,1.7763568394002505e-15,33.42180000000001,33.2562,14.348634217892968,-75.83240000000018,-65.8324,-2.4159999999999897,-10.758199999999999,-13.174199999999992,-6.462000000000003,-5.09764386198648
风电6-光伏4,6,4,45,511.25039999999996,54.830400000000004,38.6722,10.7582,49.4304,45.594199999999994,19.621263760947375,446.07348898454586,0.0,35.8378,-0.0,35.8378,35.803088792041386,14.510780621407353,-65.1769110154541,-54.830400000000004,-2.834399999999995,-10.7582,-13.592599999999997,-9.791111207958608,-5.1104831395400225
风电6-光伏4,6,4,54,613.856,32.93600000000001,38.752,8.198,46.95,45.594199999999994,17.330331488270307,575.9199999644134,0.0,38.752,-0.0,38.752,38.67219999999999,15.235588359435074,-37.93600003558663,-32.93600000000001,0.0,-8.198,-8.198,-6.922000000000004,-2.0947431288352334
风电6-光伏4,6,4,63,715.7518,10.331800000000001,38.752,4.972000000000001,43.724000000000004,40.671800000000005,12.625836602380058,696.8485714285711,0.0,38.752,0.0,28.7102,24.794199999999993,9.455091328140565,-18.90322857142894,-10.331800000000001,0.0,-4.972000000000001,-15.013800000000003,-15.877600000000012,-3.1707452742394935
风电6-光伏4,6,4,72,829.92,0.0,39.5802,0.0,9.068399999999997,4.9482,2.665492042131558,829.92,0.0,39.5802,0.0,9.068399999999993,4.9482,2.665492042131558,0.0,0.0,0.0,0.0,-3.552713678800501e-15,0.0,0.0
