证据编号,量化证据,系统含义,来源
E1,典型日R1=28.16%，R3=35.92%，购电14 h、上网10 h,总量充裕仍可能同时形成购电峰和反送峰,问题一汇总结果、问题一绿电指标
E2,新能源总量充裕系数=1.0801，购电量=172.044 MWh，上网量=216.772 MWh,园区核心矛盾是时序错配而非单纯电量不足,问题一汇总结果
E3,36 t/day时连续调节使日均购电变化-49.435 MWh、售电变化-39.331 MWh，柔性价值355.51 ¥/t,柔性生产负荷能够平滑园区与电网交换并产生经济价值,问题三柔性价值
E4,五档产量合计全部不达标天数由120 day降至0 day,连续调节显著改善绿电指标合规性,问题二三全年指标变化
E5,既有装机离网无储能年产氨10148.6 t，仅为满产25920 t的39.15%,既有装机难以依靠离网方式维持高产能利用率,问题四年度汇总
E6,全场景严格72 t/day自治的最小组合为风电1156.306 MW、光伏0.000 MW,强制绝对自治会导致显著过度扩容,问题四能源自治容量边界
E7,配置0.630 MWh储能后，年产氨增加53.486 t、弃电减少762.161 MWh、吨氨成本下降7.680 ¥/t,储能具有价值，但在现有价格与成本条件下边际收益有限,问题四年度汇总、问题四储能前后比较
E8,并网同产量相对离网储能方案节约7345864.62 ¥/year，电网支撑价值720.04 ¥/t,电网提供的调峰和备用支撑具有较大隐性价值,问题四年度汇总
E9,20个等效园区同步上界最大购电/反送为795.76/1309.36 MW，分别来自风电1-光伏1/风电5-光伏1；多样化期望为693.19/378.35 MW,园区集中接入规模与场景相关性共同决定电网边界压力,问题五多园区聚合计算
